,text,label
123,"I want a flat white , please .",1
700,I want a salted caramel hot chocolate .,1
3662,Have a great day !,4
2125,Hey there !,3
701,"Could I get a black tea , please ?",1
3836,Goodbye !,4
1109,"Small , thank you !",2
806,I want a cordusio .,1
3653,Have a nice day !,4
1993,Small cup .,2
3369,Have a nice day !,4
2381,Hey !,3
1273,Medium would do .,2
3608,Thank you !,4
3269,Have a great day !,4
1482,"Small , please .",2
1074,Medium would do .,2
1642,"Small , thank you !",2
1167,Medium cup .,2
2512,Hi !,3
2142,Hey there !,3
3101,Thank you !,4
2143,Hey !,3
3815,Alright .,4
3108,Alright .,4
320,I would like a green tea .,1
3904,Have a nice day !,4
278,I would like a black tea .,1
2727,Hey !,3
2756,Hi !,3
482,"Can I get a latte , please ?",1
2890,Hi !,3
29,Could I have an Earl Grey ?,1
1483,"Small , please .",2
1319,"Large , thank you !",2
1874,"Small , please .",2
1035,"Small , please .",2
1561,"Small , thank you !",2
199,"Can I get a caramel macchiato , please ?",1
1624,"Small , please .",2
2179,Hello !,3
2318,Hi !,3
3044,Enjoy your day !,4
2748,Hello !,3
1099,"Medium , thank you !",2
965,Can I get an americano ?,1
427,"Could I get a salted caramel hot chocolate , please ?",1
3093,Alright .,4
350,"Can I have an iced hot chocolate , please ?",1
3779,Have a great day !,4
995,May I get a caramel macchiato ?,1
878,"Can I have a breakfast tea , please ?",1
333,"I want an espresso con panna , please .",1
3772,Bye !,4
856,Could I have a white hot chocolate ?,1
707,Could I get a flat white ?,1
374,"A breakfast tea , please .",1
3983,Bye !,4
641,Can I have a flat white ?,1
2038,Hey !,3
3515,Alright .,4
2899,Hello !,3
838,May I get a caramel macchiato ?,1
437,A green tea .,1
3185,Okay .,4
146,"Could I have a mocha , please ?",1
476,Could I get a white hot chocolate ?,1
1075,Large cup .,2
1362,Small would do .,2
3784,Enjoy your day !,4
3340,Cheers !,4
2842,Hey !,3
89,Can I get a salted caramel hot chocolate ?,1
1945,"Small , thank you !",2
3276,Alright .,4
1902,Medium would do .,2
159,"Can I get an americano , please ?",1
3823,Have a great day !,4
2584,Hey there !,3
3366,Enjoy your day !,4
3804,Have a nice day !,4
2824,Hi !,3
190,Could I get a hot chocolate ?,1
2564,Hi !,3
1892,"Medium , thank you !",2
652,Could I have a caramel macchiato ?,1
2549,Hey there !,3
2366,Hi !,3
3539,Cheers !,4
1687,"Medium , thank you !",2
2255,Hello !,3
1620,Large .,2
1375,"Small , please .",2
1670,Large would do .,2
2237,Hello !,3
1067,Medium would do .,2
1225,Large .,2
386,May I get a flat white ?,1
76,"Could I get a salted caramel hot chocolate , please ?",1
1406,Medium .,2
2979,Hey there !,3
3600,Goodbye !,4
2880,Hi !,3
1721,Small .,2
3411,Have a great day !,4
2817,Hey there !,3
3241,Have a great day !,4
2845,Hey !,3
3717,Goodbye !,4
3002,Goodbye !,4
3118,Thank you !,4
3096,Alright .,4
3287,Goodbye !,4
3207,Have a great day !,4
651,"Could I have a caramel macchiato , please ?",1
2417,Hello !,3
1699,"Medium , please .",2
169,Could I have an americano ?,1
955,"Can I get an espresso macchiato , please ?",1
3763,Have a great day !,4
795,Could I have a peppermint hot chocolate ?,1
1513,Small would do .,2
1238,"Medium , please .",2
265,"Can I have an espresso , please ?",1
3255,Enjoy your day !,4
2251,Hello !,3
1954,Small .,2
3501,Have a nice day !,4
495,"Can I have a hot chocolate , please ?",1
2325,Hi !,3
1229,"Small , thank you !",2
3295,Okay .,4
20,"Could I get an espresso , please ?",1
3419,Have a nice day !,4
145,"Can I get a peppermint hot chocolate , please ?",1
832,"Can I get a white hot chocolate , please ?",1
3296,Alright .,4
2054,Hi !,3
1748,"Small , thank you !",2
1782,"Medium , thank you !",2
164,"Can I have a flat white , please ?",1
3056,Cheers !,4
1136,Small would do .,2
3676,Have a nice day !,4
811,"Could I get a white hot chocolate , please ?",1
3695,Bye !,4
3422,Thanks !,4
2435,Hi !,3
2044,Hi !,3
1339,Large .,2
3319,Cheers !,4
2036,Hey !,3
2950,Hello !,3
2984,Hey !,3
3902,Bye !,4
737,"I want a noisette , please .",1
2460,Hey there !,3
158,"Could I have a noisette , please ?",1
3091,Okay .,4
152,May I have a flat white ?,1
2500,Hey there !,3
3264,Cheers !,4
256,May I get a green tea ?,1
3159,Thanks !,4
3432,Have a nice day !,4
1866,Small cup .,2
2378,Hi !,3
1709,"Medium , please .",2
3909,Alright .,4
2948,Hey !,3
3328,Alright .,4
86,I want a peppermint hot chocolate .,1
1052,"Small , please .",2
1244,Large cup .,2
1688,Large would do .,2
899,"Can I have a cordusio , please ?",1
3407,Goodbye !,4
1078,Small would do .,2
2553,Hi !,3
3939,Thank you !,4
1421,"Small , thank you !",2
2975,Hi !,3
319,"I want an Earl Grey , please .",1
313,I want a green tea .,1
807,May I get a mocha ?,1
3722,Goodbye !,4
1708,Large cup .,2
1316,Large would do .,2
2234,Hello !,3
3634,Goodbye !,4
2121,Hey there !,3
1773,Small would do .,2
1500,Large would do .,2
2518,Hey there !,3
3572,Have a nice day !,4
3838,Bye !,4
2810,Hey there !,3
527,A peppermint hot chocolate .,1
1481,Medium .,2
2457,Hello !,3
3128,Have a nice day !,4
3254,Enjoy your day !,4
1480,"Medium , thank you !",2
2396,Hi !,3
3747,Thank you !,4
254,Could I have a mocha ?,1
475,May I get a hot chocolate ?,1
3579,Goodbye !,4
3408,Cheers !,4
2763,Hey there !,3
3705,Thanks !,4
2908,Hey there !,3
48,Can I have an espresso con panna ?,1
13,"Could I have a caramel macchiato , please ?",1
3641,Thanks !,4
2324,Hello !,3
1112,Small would do .,2
2654,Hello !,3
2856,Hey !,3
890,"Could I have a mocha , please ?",1
2135,Hey !,3
3468,Thank you !,4
253,A hot chocolate .,1
2620,Hey there !,3
3693,Alright .,4
873,I would like a black tea .,1
3832,Cheers !,4
3392,Thanks !,4
2819,Hey there !,3
3043,Thanks !,4
246,"Can I get an espresso , please ?",1
1771,"Large , thank you !",2
2083,Hey !,3
3755,Alright .,4
2569,Hi !,3
1010,"Medium , thank you !",2
3279,Thank you !,4
211,A hot chocolate .,1
584,May I have a white hot chocolate ?,1
3384,Cheers !,4
1447,"Large , thank you !",2
3424,Alright .,4
1533,"Small , please .",2
216,Can I get an americano ?,1
3924,Cheers !,4
1594,Small would do .,2
2120,Hi !,3
1870,Medium cup .,2
2940,Hi !,3
3844,Alright .,4
1683,Medium would do .,2
1826,Small would do .,2
2947,Hello !,3
3831,Bye !,4
3087,Cheers !,4
2178,Hello !,3
375,Could I have a green tea ?,1
2616,Hello !,3
1469,"Large , please .",2
3945,Alright .,4
1166,"Large , please .",2
2346,Hey !,3
812,May I get a white hot chocolate ?,1
81,I would like an americano .,1
1898,"Medium , please .",2
202,"Could I get a breakfast tea , please ?",1
2447,Hey !,3
1791,"Small , thank you !",2
2599,Hey there !,3
1478,Small .,2
2400,Hey !,3
1378,"Medium , please .",2
943,Can I get a hot chocolate ?,1
1232,Large would do .,2
228,"Could I get a caramel macchiato , please ?",1
3618,Thanks !,4
2456,Hello !,3
2297,Hey there !,3
1400,Small .,2
2646,Hey there !,3
28,"I want an espresso macchiato , please .",1
947,"I want a hot chocolate , please .",1
3765,Alright .,4
138,"Could I have a latte , please ?",1
342,I would like a black tea .,1
980,Could I get an iced hot chocolate ?,1
262,Can I have a salted caramel hot chocolate ?,1
1193,Large cup .,2
3427,Cheers !,4
2728,Hello !,3
2244,Hey there !,3
3919,Thanks !,4
1152,Small .,2
537,"Can I have a peppermint hot chocolate , please ?",1
3489,Cheers !,4
1508,Small would do .,2
3864,Cheers !,4
2732,Hey !,3
2555,Hello !,3
3830,Thank you !,4
3067,Have a great day !,4
1912,Large cup .,2
1368,"Medium , thank you !",2
2315,Hey !,3
3428,Alright .,4
3130,Okay .,4
1453,"Large , please .",2
1415,Medium .,2
957,Could I get a hot chocolate ?,1
2525,Hey there !,3
3588,Goodbye !,4
296,"Could I have an espresso macchiato , please ?",1
1004,Small cup .,2
1590,Medium would do .,2
994,Could I get an espresso ?,1
2560,Hey !,3
3768,Okay .,4
1664,"Small , thank you !",2
2618,Hey there !,3
1591,Small cup .,2
1693,"Small , please .",2
616,"Could I have an espresso macchiato , please ?",1
1471,Large .,2
2561,Hey there !,3
517,"I want a peppermint hot chocolate , please .",1
1054,Small .,2
354,I would like an espresso macchiato .,1
144,"A white hot chocolate , please .",1
1901,Small cup .,2
622,"Could I get a flat white , please ?",1
3183,Okay .,4
1707,Large would do .,2
801,Could I have a flat white ?,1
2441,Hello !,3
719,May I have a salted caramel hot chocolate ?,1
2783,Hi !,3
1770,Small cup .,2
877,An espresso macchiato .,1
1163,Small .,2
1492,Medium would do .,2
510,Could I get a green tea ?,1
1627,Medium .,2
3109,Have a great day !,4
3354,Enjoy your day !,4
1096,"Large , please .",2
3072,Thank you !,4
3495,Alright .,4
1392,"Large , thank you !",2
2687,Hello !,3
3013,Alright .,4
2140,Hi !,3
1011,"Small , please .",2
797,Can I have a hot chocolate ?,1
3391,Enjoy your day !,4
3621,Okay .,4
17,"Can I have an espresso macchiato , please ?",1
3239,Bye !,4
3251,Thanks !,4
1554,Small would do .,2
3352,Thanks !,4
3987,Goodbye !,4
7,Can I get a cappuccino ?,1
1755,"Medium , thank you !",2
3253,Okay .,4
22,"A black tea , please .",1
1337,"Small , thank you !",2
2876,Hello !,3
2453,Hey there !,3
2546,Hi !,3
682,"I want a mocha , please .",1
1672,Small would do .,2
3760,Bye !,4
1678,Small would do .,2
2334,Hey !,3
2210,Hi !,3
78,May I get a white hot chocolate ?,1
1828,Medium .,2
3046,Bye !,4
2928,Hi !,3
613,Could I get a black tea ?,1
1858,"Medium , please .",2
3776,Enjoy your day !,4
2261,Hi !,3
3511,Alright .,4
3503,Enjoy your day !,4
318,Can I get a cordusio ?,1
2868,Hey there !,3
2497,Hey !,3
502,"Can I get a cordusio , please ?",1
852,"Can I have an iced hot chocolate , please ?",1
684,Can I have a noisette ?,1
416,Can I have an espresso macchiato ?,1
2644,Hey there !,3
1305,"Medium , thank you !",2
1115,Medium .,2
3526,Enjoy your day !,4
1632,Large would do .,2
1318,Medium .,2
2957,Hi !,3
3505,Alright .,4
2968,Hey there !,3
1722,"Large , thank you !",2
3706,Okay .,4
687,A salted caramel hot chocolate .,1
3855,Goodbye !,4
3675,Cheers !,4
1733,Medium would do .,2
1236,Large .,2
3271,Thanks !,4
400,May I have an espresso con panna ?,1
2047,Hey !,3
3055,Goodbye !,4
2402,Hello !,3
3238,Bye !,4
1468,"Small , thank you !",2
530,I want a cordusio .,1
303,"A flat white , please .",1
1346,Small .,2
2717,Hello !,3
857,Could I get an Earl Grey ?,1
3712,Cheers !,4
3660,Bye !,4
3628,Alright .,4
2091,Hey there !,3
2115,Hello !,3
3502,Have a nice day !,4
1734,"Medium , thank you !",2
2109,Hi !,3
2701,Hi !,3
2377,Hey there !,3
2002,Hi !,3
2875,Hey !,3
2292,Hi !,3
1953,"Large , thank you !",2
2025,Hey !,3
3710,Alright .,4
1998,Large cup .,2
1384,"Large , thank you !",2
309,Could I get a breakfast tea ?,1
3001,Thank you !,4
1992,Large .,2
1171,Small cup .,2
2951,Hey !,3
1849,Medium would do .,2
1936,Large would do .,2
464,May I have a breakfast tea ?,1
2039,Hi !,3
756,Could I have a cordusio ?,1
1002,Small .,2
2830,Hello !,3
120,"Can I get an espresso con panna , please ?",1
770,"Could I have an Earl Grey , please ?",1
1189,"Large , thank you !",2
2471,Hey there !,3
1420,Small .,2
1401,"Large , thank you !",2
2592,Hi !,3
531,"Could I have a salted caramel hot chocolate , please ?",1
329,"Could I get a green tea , please ?",1
1182,"Large , please .",2
3756,Have a nice day !,4
2372,Hi !,3
3758,Thanks !,4
2517,Hey there !,3
3723,Enjoy your day !,4
3928,Okay .,4
1017,Small .,2
2882,Hey !,3
1104,Medium would do .,2
2831,Hi !,3
1676,"Large , thank you !",2
544,A mocha .,1
1212,Medium cup .,2
2385,Hey there !,3
1419,Medium .,2
3878,Have a great day !,4
1393,"Small , thank you !",2
1283,Medium .,2
1600,"Medium , please .",2
385,"I want an iced hot chocolate , please .",1
1634,Large .,2
2827,Hi !,3
905,An americano .,1
3144,Have a nice day !,4
1210,Large would do .,2
151,May I have a breakfast tea ?,1
1298,Small cup .,2
2362,Hey !,3
2962,Hey there !,3
623,Could I get a salted caramel hot chocolate ?,1
1595,Large .,2
299,May I have a hot chocolate ?,1
3587,Have a great day !,4
1520,"Small , please .",2
2715,Hi !,3
423,May I have an americano ?,1
698,"I would like a black tea , please .",1
2590,Hi !,3
1249,"Medium , please .",2
2306,Hey !,3
3835,Thank you !,4
936,"Can I have a white hot chocolate , please ?",1
1583,Small .,2
1251,Medium cup .,2
450,May I get a breakfast tea ?,1
2610,Hello !,3
898,Could I get a peppermint hot chocolate ?,1
886,"Can I have a white hot chocolate , please ?",1
1769,"Small , please .",2
3068,Thanks !,4
1317,Large cup .,2
1535,"Medium , please .",2
3218,Enjoy your day !,4
441,"Can I get an Earl Grey , please ?",1
2198,Hello !,3
2035,Hi !,3
1253,"Small , thank you !",2
3798,Thanks !,4
2276,Hey there !,3
686,"Can I have a cordusio , please ?",1
1012,"Large , please .",2
1907,Medium cup .,2
3294,Thanks !,4
191,I would like an iced hot chocolate .,1
88,Could I have an espresso con panna ?,1
3250,Cheers !,4
3965,Thanks !,4
1778,Medium .,2
285,"Could I have a green tea , please ?",1
3508,Have a great day !,4
1829,"Small , thank you !",2
910,Could I have a cordusio ?,1
267,Can I get a peppermint hot chocolate ?,1
2533,Hello !,3
2499,Hello !,3
2800,Hey !,3
3696,Have a great day !,4
1711,Medium cup .,2
1559,Medium would do .,2
1301,"Medium , thank you !",2
3548,Cheers !,4
2528,Hi !,3
2622,Hi !,3
2423,Hey there !,3
2878,Hello !,3
462,Can I have an Earl Grey ?,1
3086,Bye !,4
959,"Could I get a cappuccino , please ?",1
1905,"Large , please .",2
298,Can I have a flat white ?,1
1700,"Small , please .",2
1121,Small cup .,2
3759,Enjoy your day !,4
2193,Hey !,3
3058,Goodbye !,4
1329,Medium .,2
3395,Alright .,4
640,May I get an americano ?,1
3565,Okay .,4
2946,Hello !,3
799,Could I get a flat white ?,1
3014,Alright .,4
1584,"Small , thank you !",2
3874,Alright .,4
314,"Could I have an iced hot chocolate , please ?",1
2199,Hi !,3
59,"Can I get a cappuccino , please ?",1
2227,Hi !,3
2293,Hello !,3
2191,Hey !,3
2501,Hello !,3
1532,Medium would do .,2
2754,Hey there !,3
1344,"Large , please .",2
921,"Can I get a green tea , please ?",1
2823,Hi !,3
80,Can I get a salted caramel hot chocolate ?,1
1717,Medium would do .,2
2659,Hey there !,3
2588,Hey !,3
830,"Can I have an espresso macchiato , please ?",1
3976,Have a great day !,4
3027,Enjoy your day !,4
3076,Bye !,4
1261,Medium .,2
655,"I would like an espresso , please .",1
2906,Hey there !,3
732,I want an espresso macchiato .,1
3344,Have a nice day !,4
1824,Medium .,2
2925,Hey !,3
1172,Medium .,2
3764,Thanks !,4
1350,Large would do .,2
2580,Hey !,3
1190,Large .,2
2401,Hey !,3
2340,Hey !,3
3302,Goodbye !,4
3377,Have a nice day !,4
1408,"Large , please .",2
1290,"Medium , please .",2
1304,"Large , please .",2
1196,Medium cup .,2
1551,"Medium , thank you !",2
1937,Large would do .,2
2268,Hi !,3
3263,Enjoy your day !,4
1577,Medium cup .,2
3854,Enjoy your day !,4
3903,Have a nice day !,4
2548,Hey there !,3
3884,Thanks !,4
840,"I want an iced hot chocolate , please .",1
3133,Have a nice day !,4
2105,Hey there !,3
725,"Could I get a cordusio , please ?",1
1103,Small would do .,2
998,May I get an iced hot chocolate ?,1
3898,Thank you !,4
1970,"Small , thank you !",2
3457,Bye !,4
2070,Hey !,3
2062,Hi !,3
2168,Hello !,3
574,"Could I have an espresso macchiato , please ?",1
3524,Have a nice day !,4
3643,Thanks !,4
727,I would like a flat white .,1
1303,Medium cup .,2
3256,Okay .,4
1875,Medium cup .,2
3619,Thanks !,4
3689,Cheers !,4
1105,Small would do .,2
506,"I would like a green tea , please .",1
1796,"Large , please .",2
2339,Hi !,3
185,"I want a flat white , please .",1
568,May I get a noisette ?,1
3231,Thank you !,4
184,"I would like a latte , please .",1
2595,Hello !,3
3037,Enjoy your day !,4
1933,Small would do .,2
764,"Can I have a mocha , please ?",1
1839,"Medium , thank you !",2
2229,Hey !,3
3848,Alright .,4
3401,Have a nice day !,4
2200,Hey !,3
3184,Goodbye !,4
624,Can I get a mocha ?,1
128,A noisette .,1
252,I would like an espresso con panna .,1
336,May I get a cappuccino ?,1
1682,"Medium , thank you !",2
500,"Could I have a caramel macchiato , please ?",1
1259,Large cup .,2
1906,Medium would do .,2
1413,Small would do .,2
2863,Hey there !,3
1450,Medium cup .,2
1679,"Small , thank you !",2
65,I want a cappuccino .,1
3235,Thank you !,4
3852,Bye !,4
304,I would like an espresso con panna .,1
1424,Small would do .,2
3892,Alright .,4
2296,Hi !,3
1442,Medium .,2
268,"Can I have a cordusio , please ?",1
98,Could I have a salted caramel hot chocolate ?,1
279,May I get an espresso con panna ?,1
435,"Can I have a breakfast tea , please ?",1
944,Could I have a flat white ?,1
1922,Large would do .,2
263,An espresso con panna .,1
315,Could I have a breakfast tea ?,1
1405,"Medium , please .",2
646,"I would like a white hot chocolate , please .",1
2452,Hello !,3
364,"An espresso macchiato , please .",1
3726,Okay .,4
543,I want a latte .,1
92,Could I get an americano ?,1
436,"Could I get a cordusio , please ?",1
3778,Have a nice day !,4
231,"Could I get a latte , please ?",1
1159,"Large , please .",2
3071,Enjoy your day !,4
3385,Thank you !,4
3333,Cheers !,4
3113,Alright .,4
1144,Medium .,2
3595,Enjoy your day !,4
621,Can I get a black tea ?,1
730,"I would like a flat white , please .",1
3869,Have a great day !,4
752,May I get an americano ?,1
1356,"Small , thank you !",2
3946,Goodbye !,4
2574,Hello !,3
556,Could I have a white hot chocolate ?,1
511,Can I have a green tea ?,1
2488,Hey there !,3
219,Can I have a salted caramel hot chocolate ?,1
836,"I would like a mocha , please .",1
2658,Hi !,3
1016,Large cup .,2
2449,Hey there !,3
2892,Hey !,3
391,"Can I get an espresso con panna , please ?",1
1777,Medium would do .,2
792,Could I have a black tea ?,1
1100,"Medium , please .",2
1363,"Small , please .",2
979,May I get a breakfast tea ?,1
2328,Hey there !,3
487,"Can I have a salted caramel hot chocolate , please ?",1
639,May I get an Earl Grey ?,1
916,"Could I get a breakfast tea , please ?",1
603,"Can I get a cappuccino , please ?",1
3431,Goodbye !,4
3627,Goodbye !,4
1539,"Medium , please .",2
2550,Hey there !,3
3900,Goodbye !,4
2626,Hey !,3
726,A flat white .,1
1091,Medium cup .,2
753,"I want a white hot chocolate , please .",1
1895,Medium would do .,2
3578,Have a nice day !,4
539,Could I have a black tea ?,1
2187,Hey !,3
3147,Goodbye !,4
692,I would like an espresso macchiato .,1
483,A hot chocolate .,1
3955,Enjoy your day !,4
780,"Can I have a white hot chocolate , please ?",1
1137,"Small , thank you !",2
167,Can I get a mocha ?,1
3098,Alright .,4
3888,Bye !,4
897,May I get an espresso con panna ?,1
3487,Thank you !,4
2758,Hello !,3
2403,Hi !,3
2332,Hi !,3
2905,Hello !,3
3625,Have a great day !,4
2809,Hi !,3
1426,Medium cup .,2
2852,Hey !,3
1125,"Small , thank you !",2
27,Could I have a salted caramel hot chocolate ?,1
3516,Thank you !,4
2705,Hey !,3
983,I want an espresso macchiato .,1
708,I want a noisette .,1
1181,Small .,2
181,Can I have a hot chocolate ?,1
3742,Enjoy your day !,4
1133,Small would do .,2
2801,Hey !,3
3484,Bye !,4
3222,Have a great day !,4
2433,Hello !,3
42,May I get an espresso con panna ?,1
3916,Goodbye !,4
2600,Hi !,3
140,Could I get a breakfast tea ?,1
3450,Have a nice day !,4
2672,Hey !,3
2037,Hello !,3
2860,Hi !,3
2601,Hi !,3
3858,Have a nice day !,4
1610,Medium .,2
3493,Cheers !,4
2467,Hey !,3
3100,Enjoy your day !,4
967,"Could I get a green tea , please ?",1
1635,"Small , please .",2
919,"I want an Earl Grey , please .",1
1552,Small would do .,2
3008,Goodbye !,4
671,Can I get an espresso con panna ?,1
1788,Medium .,2
546,I want an americano .,1
1519,"Medium , thank you !",2
907,May I have a mocha ?,1
1598,Small would do .,2
554,"I would like an Earl Grey , please .",1
3315,Have a nice day !,4
1526,Medium .,2
1593,"Medium , please .",2
1472,Medium .,2
1024,Medium would do .,2
2225,Hello !,3
1020,Small would do .,2
3045,Cheers !,4
3196,Have a great day !,4
1373,"Medium , thank you !",2
1939,"Small , please .",2
2414,Hey !,3
3406,Okay .,4
660,"Can I get a cordusio , please ?",1
3648,Okay .,4
411,Can I have a salted caramel hot chocolate ?,1
3950,Goodbye !,4
750,"A salted caramel hot chocolate , please .",1
3716,Have a nice day !,4
1876,Medium .,2
829,A caramel macchiato .,1
3321,Have a nice day !,4
1488,"Small , thank you !",2
3070,Have a nice day !,4
1222,"Small , thank you !",2
2757,Hello !,3
3775,Have a great day !,4
2021,Hey !,3
2130,Hi !,3
3774,Thanks !,4
3604,Alright .,4
2598,Hello !,3
3622,Goodbye !,4
3388,Cheers !,4
37,"Can I get a hot chocolate , please ?",1
469,An espresso .,1
666,"Can I get an iced hot chocolate , please ?",1
3226,Bye !,4
1976,Medium .,2
1170,"Small , thank you !",2
3989,Okay .,4
3473,Thanks !,4
3085,Enjoy your day !,4
1044,Large would do .,2
1446,"Large , please .",2
929,Could I have a mocha ?,1
1740,"Small , please .",2
1431,Large would do .,2
912,May I have a white hot chocolate ?,1
2479,Hi !,3
3230,Bye !,4
3556,Thanks !,4
3702,Thank you !,4
1186,Small .,2
1889,"Large , please .",2
490,"Could I get a caramel macchiato , please ?",1
2079,Hi !,3
1779,Medium .,2
3061,Alright .,4
1575,Large would do .,2
1381,Small would do .,2
2703,Hello !,3
2180,Hey !,3
964,Could I have an iced hot chocolate ?,1
3583,Okay .,4
77,Can I have a caramel macchiato ?,1
1160,Small would do .,2
3453,Okay .,4
1262,"Medium , please .",2
1558,Medium .,2
3866,Bye !,4
395,A breakfast tea .,1
1961,Medium .,2
3667,Enjoy your day !,4
2177,Hello !,3
2278,Hi !,3
3332,Alright .,4
1080,"Small , thank you !",2
1370,"Small , thank you !",2
1205,"Small , thank you !",2
2524,Hey !,3
1053,"Medium , please .",2
1567,Large would do .,2
2081,Hello !,3
2871,Hey there !,3
459,"I want a caramel macchiato , please .",1
442,May I get a hot chocolate ?,1
922,May I have an espresso macchiato ?,1
647,Could I have a cappuccino ?,1
2843,Hello !,3
3996,Goodbye !,4
293,May I get an iced hot chocolate ?,1
3405,Goodbye !,4
674,May I have an espresso con panna ?,1
466,Can I have a latte ?,1
2985,Hello !,3
3470,Bye !,4
1921,Large .,2
3416,Alright .,4
2917,Hi !,3
2182,Hey !,3
3562,Thanks !,4
1861,Medium would do .,2
774,Could I have a caramel macchiato ?,1
3585,Enjoy your day !,4
2633,Hey there !,3
1022,Large would do .,2
1313,Medium .,2
2063,Hi !,3
3975,Goodbye !,4
82,Can I have a white hot chocolate ?,1
3877,Alright .,4
1434,Medium cup .,2
3394,Alright .,4
3813,Have a nice day !,4
1884,Medium would do .,2
2271,Hello !,3
3194,Thanks !,4
2690,Hey there !,3
2145,Hey !,3
2877,Hey !,3
481,"Can I get a peppermint hot chocolate , please ?",1
1838,Large .,2
851,A white hot chocolate .,1
3373,Thank you !,4
935,"Can I get an espresso macchiato , please ?",1
678,"Can I get a salted caramel hot chocolate , please ?",1
366,Can I get an Earl Grey ?,1
2772,Hey !,3
2864,Hey !,3
1441,"Small , thank you !",2
3123,Have a nice day !,4
1445,Large .,2
2923,Hey !,3
1275,Large would do .,2
1522,Small cup .,2
2886,Hello !,3
2436,Hi !,3
1761,Small cup .,2
777,"I would like a cappuccino , please .",1
714,"Can I have a flat white , please ?",1
948,"A salted caramel hot chocolate , please .",1
1944,Medium cup .,2
1550,Medium .,2
3143,Thanks !,4
3168,Okay .,4
3492,Bye !,4
47,"Could I get a breakfast tea , please ?",1
2776,Hi !,3
993,I want an espresso macchiato .,1
766,A cordusio .,1
3316,Thanks !,4
2427,Hello !,3
3060,Cheers !,4
1477,Small cup .,2
3557,Enjoy your day !,4
3303,Enjoy your day !,4
3626,Thanks !,4
2304,Hi !,3
1398,"Medium , please .",2
3847,Bye !,4
2312,Hello !,3
1910,Large .,2
1192,Small .,2
2625,Hi !,3
572,Can I have a latte ?,1
1631,"Medium , thank you !",2
1312,Small cup .,2
2744,Hey there !,3
2811,Hello !,3
1718,Small would do .,2
3762,Cheers !,4
501,I would like an iced hot chocolate .,1
2232,Hey !,3
1766,"Large , thank you !",2
2638,Hey !,3
3688,Alright .,4
2082,Hey !,3
859,Could I have an espresso macchiato ?,1
1366,"Small , thank you !",2
3048,Bye !,4
339,"I would like a noisette , please .",1
2176,Hi !,3
1604,Medium cup .,2
2788,Hey !,3
2118,Hey there !,3
2134,Hi !,3
2431,Hey !,3
3597,Goodbye !,4
467,I want a flat white .,1
533,May I get an espresso macchiato ?,1
930,"I would like an espresso con panna , please .",1
1028,Large cup .,2
2506,Hi !,3
1978,Medium would do .,2
2734,Hello !,3
1195,Large cup .,2
1871,Large would do .,2
1429,Small would do .,2
2085,Hello !,3
1563,"Medium , please .",2
1844,"Medium , thank you !",2
3741,Cheers !,4
917,"Could I get a noisette , please ?",1
236,Can I get a flat white ?,1
3899,Have a great day !,4
1929,Medium cup .,2
1548,Medium cup .,2
3773,Have a great day !,4
463,"Could I have a cordusio , please ?",1
1355,"Small , thank you !",2
1386,"Medium , thank you !",2
470,May I have a breakfast tea ?,1
306,Could I get a breakfast tea ?,1
3005,Alright .,4
1759,Large would do .,2
1860,Small would do .,2
1797,Medium .,2
1750,"Medium , please .",2
3258,Alright .,4
3577,Thank you !,4
3818,Have a great day !,4
1896,Large would do .,2
2825,Hello !,3
2188,Hello !,3
2937,Hey !,3
3003,Bye !,4
3353,Cheers !,4
430,Can I get a cordusio ?,1
1644,"Small , thank you !",2
2277,Hey !,3
804,"An iced hot chocolate , please .",1
1833,Small cup .,2
1183,"Small , please .",2
2031,Hey there !,3
3345,Bye !,4
1655,Large would do .,2
2338,Hey there !,3
1116,Large cup .,2
3042,Okay .,4
111,"I would like an espresso macchiato , please .",1
2076,Hi !,3
3685,Thank you !,4
2042,Hey !,3
625,"Could I get a cordusio , please ?",1
260,Could I have a cappuccino ?,1
3139,Thanks !,4
1245,"Small , thank you !",2
179,May I get a mocha ?,1
939,"Could I have an Earl Grey , please ?",1
2793,Hello !,3
2552,Hey !,3
3649,Thank you !,4
2624,Hey !,3
1736,Small .,2
3538,Thank you !,4
1991,"Large , thank you !",2
865,Could I get an espresso con panna ?,1
2617,Hello !,3
62,"I would like an espresso macchiato , please .",1
3509,Goodbye !,4
757,Could I have a cordusio ?,1
3663,Thanks !,4
1951,Large cup .,2
335,"Could I have an espresso macchiato , please ?",1
771,A flat white .,1
2665,Hi !,3
3021,Thank you !,4
1130,"Small , thank you !",2
3007,Have a great day !,4
3065,Have a nice day !,4
2455,Hello !,3
25,"I want a green tea , please .",1
2676,Hello !,3
2895,Hello !,3
1865,Small would do .,2
982,An americano .,1
347,"I would like a cappuccino , please .",1
1072,"Small , please .",2
954,"I want a mocha , please .",1
642,"I want a white hot chocolate , please .",1
1293,Medium .,2
3052,Enjoy your day !,4
2010,Hey there !,3
560,May I have an espresso ?,1
57,May I have an Earl Grey ?,1
680,"Can I get a white hot chocolate , please ?",1
91,An espresso con panna .,1
2662,Hi !,3
3589,Thank you !,4
300,"Can I get a green tea , please ?",1
2679,Hey there !,3
1762,Medium cup .,2
2684,Hello !,3
1348,"Medium , please .",2
1726,Medium cup .,2
2988,Hi !,3
2916,Hello !,3
135,"Could I get a mocha , please ?",1
2093,Hey !,3
3542,Okay .,4
3740,Thanks !,4
606,I would like an espresso macchiato .,1
760,"I want a salted caramel hot chocolate , please .",1
93,"Could I get a cappuccino , please ?",1
129,Could I get an espresso macchiato ?,1
2572,Hey !,3
2408,Hello !,3
2808,Hello !,3
1300,Large .,2
3356,Goodbye !,4
3918,Thanks !,4
1915,"Medium , please .",2
3433,Have a great day !,4
2314,Hello !,3
3931,Thank you !,4
424,Can I get a mocha ?,1
1049,Large cup .,2
3467,Thank you !,4
2428,Hey there !,3
3563,Thank you !,4
1357,Medium .,2
2469,Hey there !,3
2299,Hello !,3
2300,Hi !,3
3887,Cheers !,4
2593,Hi !,3
289,Can I have a caramel macchiato ?,1
426,Can I get a cappuccino ?,1
3409,Enjoy your day !,4
2496,Hi !,3
1560,Large would do .,2
1715,"Large , please .",2
3691,Thank you !,4
747,I want a noisette .,1
2660,Hey there !,3
3417,Bye !,4
1473,"Small , thank you !",2
250,Can I have a white hot chocolate ?,1
867,May I have a salted caramel hot chocolate ?,1
2782,Hi !,3
1038,Medium would do .,2
822,Could I get a salted caramel hot chocolate ?,1
561,"Can I get a noisette , please ?",1
1880,Medium would do .,2
2335,Hey !,3
3672,Have a great day !,4
1333,Small .,2
2759,Hey there !,3
879,"Could I get a black tea , please ?",1
620,"Can I get a white hot chocolate , please ?",1
213,"Can I get a green tea , please ?",1
847,"Could I have an espresso , please ?",1
1724,"Medium , thank you !",2
1760,Large .,2
3304,Alright .,4
1058,Large would do .,2
2706,Hi !,3
12,A peppermint hot chocolate .,1
221,Could I have a flat white ?,1
892,"Could I get a black tea , please ?",1
1213,"Medium , please .",2
3686,Cheers !,4
3733,Goodbye !,4
2844,Hey there !,3
3192,Goodbye !,4
2739,Hey !,3
3802,Bye !,4
3167,Have a great day !,4
1349,Small .,2
3066,Alright .,4
1330,Large cup .,2
3141,Thank you !,4
127,"Can I have a salted caramel hot chocolate , please ?",1
1651,"Medium , please .",2
3605,Okay .,4
2649,Hello !,3
1786,"Small , thank you !",2
2040,Hi !,3
3115,Goodbye !,4
576,Can I get an espresso con panna ?,1
1440,"Medium , thank you !",2
3796,Thanks !,4
3312,Enjoy your day !,4
2997,Hello !,3
2089,Hey !,3
3244,Alright .,4
3188,Thanks !,4
3769,Have a great day !,4
1640,Small cup .,2
1803,"Large , please .",2
61,Could I have an espresso macchiato ?,1
3522,Okay .,4
1719,Large .,2
2678,Hey !,3
2375,Hey there !,3
3471,Thank you !,4
1601,"Large , please .",2
2195,Hey !,3
1430,Medium .,2
3464,Thanks !,4
609,Can I have a green tea ?,1
3270,Have a great day !,4
2509,Hey there !,3
3506,Okay .,4
3028,Okay .,4
2214,Hi !,3
717,Can I have a caramel macchiato ?,1
3225,Thank you !,4
2634,Hi !,3
1914,"Small , please .",2
1619,Medium would do .,2
3299,Thank you !,4
3652,Have a nice day !,4
571,I would like a cordusio .,1
1822,"Large , please .",2
1964,Small .,2
2583,Hey there !,3
3390,Enjoy your day !,4
3657,Alright .,4
1968,Small cup .,2
596,May I get an espresso con panna ?,1
3620,Goodbye !,4
1727,"Medium , please .",2
505,A black tea .,1
2028,Hey !,3
3970,Have a great day !,4
1177,Medium would do .,2
618,"Could I have a white hot chocolate , please ?",1
3234,Thanks !,4
2308,Hey !,3
2207,Hey !,3
3170,Have a nice day !,4
1061,"Large , please .",2
925,May I get a green tea ?,1
3673,Goodbye !,4
2231,Hey !,3
3714,Alright .,4
2371,Hey !,3
1484,Medium would do .,2
796,"Can I get an Earl Grey , please ?",1
2586,Hi !,3
2208,Hi !,3
288,"I want a breakfast tea , please .",1
1156,Medium .,2
2597,Hi !,3
962,May I get a hot chocolate ?,1
1297,Large .,2
1396,Medium cup .,2
2281,Hey there !,3
1389,"Small , thank you !",2
1529,Medium .,2
1083,Large would do .,2
3357,Bye !,4
456,"Could I get a black tea , please ?",1
849,"Can I have a cappuccino , please ?",1
1641,Medium cup .,2
827,May I get a mocha ?,1
2837,Hi !,3
1837,Small cup .,2
2733,Hi !,3
327,I want an espresso con panna .,1
2575,Hello !,3
3015,Goodbye !,4
3175,Alright .,4
2295,Hi !,3
2816,Hi !,3
3381,Enjoy your day !,4
3494,Okay .,4
2246,Hi !,3
2835,Hey there !,3
3157,Goodbye !,4
3839,Cheers !,4
2356,Hi !,3
1814,"Medium , please .",2
2832,Hey !,3
1515,Medium cup .,2
2750,Hey !,3
1854,"Small , please .",2
2141,Hi !,3
19,"I want an espresso macchiato , please .",1
3282,Alright .,4
1149,"Small , thank you !",2
429,"I would like an Earl Grey , please .",1
2392,Hi !,3
3683,Goodbye !,4
3476,Have a great day !,4
733,I would like a cappuccino .,1
3651,Have a nice day !,4
0,May I have a black tea ?,1
3336,Enjoy your day !,4
1404,Large cup .,2
1443,Large .,2
217,"Can I have a noisette , please ?",1
908,I want a breakfast tea .,1
3364,Have a great day !,4
765,"Can I get a salted caramel hot chocolate , please ?",1
2813,Hi !,3
2345,Hey there !,3
1026,"Large , thank you !",2
2970,Hey !,3
3403,Have a great day !,4
831,May I get a breakfast tea ?,1
2834,Hi !,3
1647,Small cup .,2
987,"I want a salted caramel hot chocolate , please .",1
1432,Medium would do .,2
3359,Bye !,4
2215,Hi !,3
1093,"Large , thank you !",2
2413,Hey !,3
1286,"Small , please .",2
637,"Could I get a green tea , please ?",1
240,I would like a salted caramel hot chocolate .,1
3338,Bye !,4
150,I want a flat white .,1
368,Can I get a breakfast tea ?,1
3461,Enjoy your day !,4
1689,Small .,2
3430,Cheers !,4
863,"Can I have a black tea , please ?",1
363,Could I have a flat white ?,1
3697,Thank you !,4
1436,Medium .,2
39,I want a mocha .,1
2101,Hi !,3
547,"Can I have a caramel macchiato , please ?",1
3329,Have a nice day !,4
2967,Hello !,3
3311,Cheers !,4
1495,"Large , please .",2
2358,Hey !,3
1728,Large cup .,2
2159,Hi !,3
2139,Hi !,3
1280,Medium .,2
740,I would like a white hot chocolate .,1
3979,Enjoy your day !,4
673,Can I have an Earl Grey ?,1
1920,Small .,2
1890,Medium would do .,2
178,Could I have an espresso ?,1
3922,Goodbye !,4
2887,Hey !,3
3243,Okay .,4
3803,Have a great day !,4
189,"Can I get a noisette , please ?",1
2826,Hello !,3
1200,Small .,2
1142,Small cup .,2
2445,Hello !,3
2263,Hello !,3
3786,Enjoy your day !,4
2360,Hey !,3
3195,Goodbye !,4
3978,Thank you !,4
1082,"Large , please .",2
133,Could I get an iced hot chocolate ?,1
3944,Thanks !,4
3362,Bye !,4
885,"Could I get a mocha , please ?",1
325,May I have a salted caramel hot chocolate ?,1
1690,"Medium , thank you !",2
2558,Hey there !,3
2222,Hey !,3
1284,"Medium , thank you !",2
3632,Cheers !,4
197,"Could I have an Earl Grey , please ?",1
1385,Small would do .,2
2373,Hey there !,3
2587,Hey !,3
3930,Okay .,4
3552,Enjoy your day !,4
1214,"Small , thank you !",2
1789,"Small , thank you !",2
1625,Small would do .,2
234,"I would like a hot chocolate , please .",1
83,I want an iced hot chocolate .,1
1211,Large .,2
2241,Hey there !,3
1745,"Large , please .",2
2473,Hey !,3
2725,Hi !,3
1154,"Medium , thank you !",2
361,"Could I have a peppermint hot chocolate , please ?",1
1119,"Small , thank you !",2
3527,Have a great day !,4
3917,Have a great day !,4
3313,Thanks !,4
2656,Hi !,3
3544,Goodbye !,4
1811,Small .,2
31,I want a black tea .,1
670,A mocha .,1
3363,Thanks !,4
3788,Have a great day !,4
353,"Can I get an espresso con panna , please ?",1
817,"Can I get a flat white , please ?",1
888,Could I get a cappuccino ?,1
2935,Hey there !,3
3799,Okay .,4
2209,Hi !,3
2088,Hi !,3
2577,Hey !,3
1504,Medium would do .,2
997,"A peppermint hot chocolate , please .",1
2527,Hi !,3
2175,Hi !,3
3,"An iced hot chocolate , please .",1
759,"Could I have an iced hot chocolate , please ?",1
355,"I want an espresso macchiato , please .",1
3514,Have a great day !,4
1203,Medium .,2
187,I would like a breakfast tea .,1
1090,"Large , thank you !",2
2190,Hey there !,3
3833,Have a nice day !,4
3990,Thanks !,4
369,"Can I get a mocha , please ?",1
2893,Hi !,3
2764,Hi !,3
2867,Hey there !,3
924,"Could I have an iced hot chocolate , please ?",1
845,Can I have an Earl Grey ?,1
1140,Large .,2
2829,Hello !,3
2688,Hello !,3
452,I would like a caramel macchiato .,1
227,Can I get a peppermint hot chocolate ?,1
3961,Have a nice day !,4
3700,Alright .,4
2080,Hey !,3
3920,Enjoy your day !,4
2712,Hello !,3
591,"Can I get a white hot chocolate , please ?",1
2354,Hi !,3
2252,Hi !,3
1263,Large .,2
2641,Hello !,3
1270,Medium cup .,2
1174,"Large , thank you !",2
617,"A flat white , please .",1
2247,Hey there !,3
1716,Medium would do .,2
2061,Hello !,3
50,Can I have an Earl Grey ?,1
284,May I have a green tea ?,1
3370,Goodbye !,4
2364,Hello !,3
1819,Large cup .,2
2652,Hello !,3
473,I want a cordusio .,1
1855,Small cup .,2
358,Can I get a salted caramel hot chocolate ?,1
3959,Thank you !,4
1005,"Medium , please .",2
2440,Hey !,3
1291,Small would do .,2
1540,Small .,2
938,Can I get a green tea ?,1
334,"Could I have a mocha , please ?",1
2265,Hey !,3
1686,Large would do .,2
225,"Could I get an Earl Grey , please ?",1
2614,Hey there !,3
3842,Cheers !,4
2668,Hey there !,3
1653,"Medium , please .",2
3668,Okay .,4
496,I want a white hot chocolate .,1
2797,Hi !,3
2891,Hey !,3
3199,Thank you !,4
491,"Can I get a black tea , please ?",1
397,"Can I get an Earl Grey , please ?",1
643,Could I have an americano ?,1
1032,Small would do .,2
3809,Thank you !,4
940,"Could I get a noisette , please ?",1
443,"I would like a salted caramel hot chocolate , please .",1
1943,Medium would do .,2
3636,Bye !,4
2331,Hello !,3
1691,Large would do .,2
1257,Medium .,2
1066,Large would do .,2
2270,Hi !,3
1851,Medium .,2
2173,Hey !,3
186,May I have a peppermint hot chocolate ?,1
2430,Hey !,3
1950,Small cup .,2
3725,Okay .,4
102,I want a breakfast tea .,1
1228,"Medium , thank you !",2
2771,Hey there !,3
3707,Have a nice day !,4
1848,"Medium , thank you !",2
3969,Enjoy your day !,4
1123,"Small , please .",2
1029,"Medium , please .",2
16,"Could I get a peppermint hot chocolate , please ?",1
1308,"Medium , thank you !",2
1704,Small would do .,2
2803,Hey there !,3
326,Could I have an Earl Grey ?,1
1537,Medium .,2
428,May I have a black tea ?,1
963,Can I get a latte ?,1
214,Can I have an iced hot chocolate ?,1
667,"Can I get an espresso macchiato , please ?",1
1047,Medium .,2
1768,Large .,2
860,Can I get an espresso macchiato ?,1
2383,Hello !,3
837,"An espresso macchiato , please .",1
104,May I have a hot chocolate ?,1
68,"Could I have a salted caramel hot chocolate , please ?",1
2751,Hi !,3
1204,"Medium , thank you !",2
3032,Okay .,4
3718,Enjoy your day !,4
793,"I would like a caramel macchiato , please .",1
2361,Hey there !,3
3129,Cheers !,4
3528,Enjoy your day !,4
277,Could I get a latte ?,1
1391,Medium would do .,2
434,Could I have an americano ?,1
3102,Alright .,4
2787,Hey there !,3
1250,"Medium , thank you !",2
3640,Okay .,4
2966,Hey !,3
2972,Hi !,3
1379,"Large , thank you !",2
388,May I have an espresso ?,1
1411,Small .,2
515,"Can I have a latte , please ?",1
449,Can I get a flat white ?,1
194,"Can I have a flat white , please ?",1
3592,Thanks !,4
1701,"Medium , please .",2
3435,Bye !,4
2696,Hello !,3
3943,Enjoy your day !,4
3039,Alright .,4
913,"Can I have an americano , please ?",1
821,"I want a black tea , please .",1
614,I want a cappuccino .,1
2259,Hey there !,3
842,May I get a flat white ?,1
1751,Medium .,2
3754,Thank you !,4
3992,Goodbye !,4
1925,"Small , please .",2
2001,Hello !,3
2958,Hi !,3
2183,Hi !,3
3206,Enjoy your day !,4
1913,Large would do .,2
2189,Hey there !,3
3223,Enjoy your day !,4
1129,Large would do .,2
3559,Okay .,4
3665,Bye !,4
1857,Small cup .,2
3442,Thanks !,4
465,Can I get an espresso ?,1
3674,Thank you !,4
504,May I have an iced hot chocolate ?,1
2785,Hello !,3
2072,Hello !,3
3074,Thanks !,4
3537,Goodbye !,4
3681,Thank you !,4
2363,Hey there !,3
1227,"Medium , please .",2
1731,"Medium , thank you !",2
538,"Could I get an espresso con panna , please ?",1
2543,Hey there !,3
1194,"Large , please .",2
1677,Medium .,2
232,"Could I have a noisette , please ?",1
958,"Could I get a hot chocolate , please ?",1
2699,Hey there !,3
950,Could I get an Earl Grey ?,1
362,"Could I get a latte , please ?",1
2462,Hey !,3
3553,Have a nice day !,4
3575,Bye !,4
2921,Hey !,3
657,May I get an espresso ?,1
1031,Medium would do .,2
2138,Hey there !,3
3339,Thanks !,4
2589,Hello !,3
1987,"Large , please .",2
60,A white hot chocolate .,1
3868,Have a great day !,4
2386,Hi !,3
1990,"Large , thank you !",2
923,I want an espresso .,1
627,Could I get a noisette ?,1
1516,"Large , thank you !",2
162,"Can I get a latte , please ?",1
3292,Cheers !,4
788,A flat white .,1
2723,Hey !,3
3165,Bye !,4
108,I want a cordusio .,1
33,"I want an americano , please .",1
1887,Large .,2
1720,"Small , thank you !",2
3647,Thank you !,4
2230,Hey !,3
1390,"Small , thank you !",2
3998,Cheers !,4
2818,Hey !,3
3415,Have a great day !,4
168,"Could I have a cappuccino , please ?",1
880,"Can I get an americano , please ?",1
1045,Large .,2
1582,Medium would do .,2
565,Could I have an espresso con panna ?,1
599,Could I have a breakfast tea ?,1
866,Could I get a mocha ?,1
1132,"Large , please .",2
2291,Hey !,3
241,Could I have an iced hot chocolate ?,1
3216,Enjoy your day !,4
157,"Could I get an iced hot chocolate , please ?",1
3986,Thank you !,4
1681,"Medium , please .",2
2677,Hey there !,3
2084,Hello !,3
1878,Small cup .,2
2434,Hi !,3
370,Could I get an espresso con panna ?,1
3629,Have a nice day !,4
1191,"Small , please .",2
1461,"Medium , please .",2
220,May I have a mocha ?,1
1795,"Medium , please .",2
1248,Medium cup .,2
324,An americano .,1
1675,Large cup .,2
3690,Bye !,4
1120,Medium cup .,2
3581,Alright .,4
803,I would like a peppermint hot chocolate .,1
2238,Hey !,3
2735,Hey !,3
709,Could I get an espresso con panna ?,1
2217,Hi !,3
966,I would like a peppermint hot chocolate .,1
702,"Could I have a black tea , please ?",1
1840,"Small , please .",2
1216,"Medium , thank you !",2
2840,Hi !,3
2310,Hi !,3
3951,Okay .,4
371,Can I get a cordusio ?,1
2254,Hi !,3
3993,Goodbye !,4
3125,Have a nice day !,4
761,"Could I get a caramel macchiato , please ?",1
1555,Medium cup .,2
2030,Hey there !,3
1608,Small would do .,2
1935,Medium would do .,2
3426,Thanks !,4
689,"Could I have a peppermint hot chocolate , please ?",1
2914,Hi !,3
1219,"Medium , please .",2
3933,Enjoy your day !,4
3913,Cheers !,4
360,I want a cordusio .,1
2017,Hi !,3
3777,Cheers !,4
1510,"Large , please .",2
3670,Goodbye !,4
636,Could I have a flat white ?,1
9,"A hot chocolate , please .",1
3171,Have a great day !,4
3787,Bye !,4
2393,Hello !,3
273,"Could I have a peppermint hot chocolate , please ?",1
3326,Thank you !,4
480,"Can I get a black tea , please ?",1
2731,Hey !,3
3594,Goodbye !,4
2565,Hello !,3
2929,Hey there !,3
3881,Bye !,4
75,"I would like a black tea , please .",1
2313,Hi !,3
3379,Goodbye !,4
2166,Hi !,3
3825,Bye !,4
741,"Can I have an espresso con panna , please ?",1
676,Can I have an espresso con panna ?,1
3182,Alright .,4
1493,"Large , please .",2
889,May I have a hot chocolate ?,1
3290,Okay .,4
2006,Hello !,3
1178,Small would do .,2
2922,Hi !,3
2043,Hey there !,3
3893,Enjoy your day !,4
2849,Hello !,3
257,May I get a peppermint hot chocolate ?,1
3277,Enjoy your day !,4
1743,"Medium , thank you !",2
1288,Small would do .,2
2682,Hey !,3
3879,Have a nice day !,4
3947,Thanks !,4
2129,Hey there !,3
1006,Small .,2
1568,Large would do .,2
1145,Medium .,2
3876,Have a great day !,4
1367,"Large , please .",2
1255,Large would do .,2
2437,Hi !,3
176,I want a white hot chocolate .,1
579,"I would like an espresso con panna , please .",1
3936,Have a great day !,4
3584,Have a nice day !,4
749,"Could I get a white hot chocolate , please ?",1
3656,Okay .,4
3964,Thank you !,4
3496,Have a nice day !,4
472,I would like a caramel macchiato .,1
528,"Can I get an espresso con panna , please ?",1
1523,"Large , please .",2
3454,Enjoy your day !,4
1680,Small would do .,2
3347,Have a nice day !,4
3845,Enjoy your day !,4
3439,Cheers !,4
3191,Have a nice day !,4
1231,Medium would do .,2
3535,Bye !,4
1013,"Small , thank you !",2
1656,Small would do .,2
2627,Hello !,3
1823,"Small , thank you !",2
3210,Enjoy your day !,4
3418,Thank you !,4
130,May I have a green tea ?,1
2151,Hey there !,3
2726,Hey there !,3
1616,Medium .,2
2737,Hi !,3
208,Could I get a mocha ?,1
1039,"Medium , thank you !",2
40,"Can I get a green tea , please ?",1
180,May I have an espresso con panna ?,1
790,"Could I have an espresso con panna , please ?",1
3735,Thank you !,4
3458,Have a nice day !,4
2302,Hello !,3
2944,Hello !,3
1394,Small .,2
2192,Hello !,3
2160,Hey there !,3
3666,Thank you !,4
3669,Goodbye !,4
3897,Thanks !,4
1815,Large cup .,2
1165,Large would do .,2
2405,Hey !,3
229,I would like an Earl Grey .,1
3677,Bye !,4
1131,Medium cup .,2
2483,Hello !,3
3459,Bye !,4
3131,Bye !,4
1767,Large cup .,2
3873,Goodbye !,4
1918,"Small , thank you !",2
2853,Hey there !,3
96,A peppermint hot chocolate .,1
74,"I would like an americano , please .",1
3927,Bye !,4
3268,Have a great day !,4
2333,Hey there !,3
718,I want a cordusio .,1
1209,Small .,2
567,"I want a cappuccino , please .",1
1852,Medium .,2
1439,Medium would do .,2
106,Can I get a cordusio ?,1
2057,Hi !,3
1332,Medium cup .,2
592,"I would like a latte , please .",1
3785,Thank you !,4
1966,Small cup .,2
1281,"Large , please .",2
1302,Medium .,2
11,"I would like a cordusio , please .",1
2342,Hi !,3
3334,Alright .,4
2357,Hey there !,3
1528,Large cup .,2
1589,Large .,2
1361,"Small , thank you !",2
3599,Goodbye !,4
969,A flat white .,1
2341,Hey !,3
1671,"Medium , please .",2
2724,Hello !,3
920,"Could I get a black tea , please ?",1
1588,Medium .,2
2224,Hey there !,3
1856,"Small , thank you !",2
417,Can I have a cappuccino ?,1
3543,Thank you !,4
3142,Enjoy your day !,4
2240,Hello !,3
2591,Hey there !,3
1489,Small .,2
1658,"Medium , thank you !",2
3738,Bye !,4
2009,Hey there !,3
960,"Can I have a white hot chocolate , please ?",1
1102,Medium cup .,2
2248,Hey there !,3
2934,Hello !,3
2704,Hey !,3
1698,"Small , please .",2
3436,Goodbye !,4
1359,Small cup .,2
72,I want a noisette .,1
312,"Can I get an espresso con panna , please ?",1
3064,Thank you !,4
118,May I have an espresso ?,1
3822,Enjoy your day !,4
784,"Could I get an espresso , please ?",1
3310,Enjoy your day !,4
3434,Have a great day !,4
2387,Hey !,3
2239,Hey !,3
2305,Hey there !,3
632,"A hot chocolate , please .",1
773,Could I get a salted caramel hot chocolate ?,1
2778,Hey !,3
2213,Hi !,3
3198,Have a nice day !,4
2087,Hi !,3
3988,Cheers !,4
1201,Medium cup .,2
2309,Hello !,3
1264,Medium would do .,2
291,"I want a green tea , please .",1
2881,Hi !,3
1615,"Medium , please .",2
2429,Hi !,3
1888,"Medium , thank you !",2
2594,Hi !,3
2798,Hi !,3
3140,Enjoy your day !,4
2686,Hey !,3
786,A hot chocolate .,1
941,Can I get a latte ?,1
2666,Hello !,3
3783,Alright .,4
2850,Hi !,3
1780,Large cup .,2
2894,Hello !,3
2320,Hi !,3
1877,Large cup .,2
630,Could I have a peppermint hot chocolate ?,1
598,"Could I get an Earl Grey , please ?",1
3859,Alright .,4
3012,Have a great day !,4
2556,Hi !,3
2802,Hey !,3
2197,Hey there !,3
10,"Could I have a noisette , please ?",1
356,"An espresso con panna , please .",1
3560,Bye !,4
235,May I have an iced hot chocolate ?,1
862,"I would like a flat white , please .",1
1315,Large would do .,2
3082,Bye !,4
2651,Hey there !,3
2795,Hi !,3
1617,"Small , please .",2
1776,"Medium , please .",2
1684,"Medium , thank you !",2
791,May I have a green tea ?,1
2052,Hey there !,3
1974,Large .,2
2994,Hi !,3
2391,Hey !,3
3298,Thank you !,4
1360,"Small , thank you !",2
3748,Thanks !,4
2211,Hey !,3
195,Can I get a flat white ?,1
2645,Hey !,3
688,"Could I have a peppermint hot chocolate , please ?",1
3261,Thank you !,4
1847,"Small , please .",2
2013,Hey !,3
66,I would like a hot chocolate .,1
1638,Small would do .,2
3004,Thank you !,4
3324,Thank you !,4
633,"I want a green tea , please .",1
841,"A salted caramel hot chocolate , please .",1
1487,Large would do .,2
1536,"Large , thank you !",2
906,"Could I have a mocha , please ?",1
3520,Have a great day !,4
3576,Okay .,4
3820,Have a nice day !,4
275,"Can I have an Earl Grey , please ?",1
3730,Goodbye !,4
2918,Hi !,3
2961,Hello !,3
2432,Hey there !,3
3985,Have a nice day !,4
394,Can I have an espresso ?,1
222,Can I have a latte ?,1
3753,Okay .,4
2874,Hello !,3
2474,Hey !,3
3266,Enjoy your day !,4
3204,Enjoy your day !,4
2520,Hey !,3
2288,Hi !,3
2020,Hey there !,3
968,"A cordusio , please .",1
2873,Hey there !,3
218,"Could I have an Earl Grey , please ?",1
1569,Medium .,2
3994,Goodbye !,4
2424,Hi !,3
2629,Hello !,3
507,"A noisette , please .",1
3397,Goodbye !,4
545,"I would like an espresso , please .",1
2745,Hello !,3
3382,Thank you !,4
132,"Can I get a cordusio , please ?",1
1218,Large would do .,2
1949,"Large , please .",2
1496,"Medium , thank you !",2
2203,Hey there !,3
2370,Hey !,3
697,"Could I have a breakfast tea , please ?",1
3481,Cheers !,4
2707,Hey there !,3
850,"Could I get a black tea , please ?",1
742,"Could I get a green tea , please ?",1
3166,Okay .,4
1358,Large cup .,2
706,"An espresso macchiato , please .",1
3285,Okay .,4
3286,Cheers !,4
2065,Hello !,3
2478,Hi !,3
398,Could I get a hot chocolate ?,1
67,I want a salted caramel hot chocolate .,1
1252,"Medium , thank you !",2
1817,Large would do .,2
535,Can I have a salted caramel hot chocolate ?,1
713,Could I have an espresso con panna ?,1
3568,Thank you !,4
1799,Large cup .,2
1086,Medium cup .,2
3750,Alright .,4
2171,Hey !,3
3650,Cheers !,4
264,Could I get an espresso ?,1
2919,Hey there !,3
2476,Hi !,3
2202,Hi !,3
2481,Hello !,3
1184,Small .,2
654,"I would like an espresso macchiato , please .",1
1729,"Medium , thank you !",2
439,"Can I have an americano , please ?",1
3374,Cheers !,4
239,"Could I get a cordusio , please ?",1
433,May I have a cappuccino ?,1
1821,Large cup .,2
1986,"Medium , thank you !",2
2861,Hey !,3
1942,"Small , please .",2
2755,Hey there !,3
3081,Okay .,4
1667,"Large , thank you !",2
1802,"Medium , thank you !",2
1418,"Medium , thank you !",2
2116,Hey !,3
748,"Could I get a white hot chocolate , please ?",1
882,Can I have an Earl Grey ?,1
2964,Hey !,3
2692,Hey there !,3
3155,Goodbye !,4
2503,Hey !,3
1295,"Small , thank you !",2
853,"Could I get a hot chocolate , please ?",1
2647,Hello !,3
3124,Okay .,4
2024,Hi !,3
1437,Small cup .,2
763,May I have a cappuccino ?,1
203,"Can I have a noisette , please ?",1
600,Could I have a salted caramel hot chocolate ?,1
2903,Hi !,3
396,A peppermint hot chocolate .,1
911,"Can I have a cappuccino , please ?",1
1382,"Small , please .",2
1425,"Large , please .",2
2415,Hey there !,3
2691,Hey there !,3
3977,Goodbye !,4
1988,"Large , please .",2
201,"Can I have a flat white , please ?",1
559,"Can I have a latte , please ?",1
479,"I would like a salted caramel hot chocolate , please .",1
1141,Large cup .,2
2730,Hello !,3
2973,Hey there !,3
294,I would like a white hot chocolate .,1
307,"Can I have a cappuccino , please ?",1
248,I would like a green tea .,1
1079,Small would do .,2
2321,Hey there !,3
2657,Hello !,3
1741,"Medium , thank you !",2
3460,Goodbye !,4
3469,Thank you !,4
635,"Can I get a black tea , please ?",1
100,"I would like a noisette , please .",1
2693,Hello !,3
2026,Hey !,3
1395,"Small , please .",2
392,I want an americano .,1
1984,Medium would do .,2
3642,Bye !,4
2720,Hello !,3
1611,Large would do .,2
269,"Could I have a black tea , please ?",1
2438,Hey there !,3
3973,Thank you !,4
2477,Hey !,3
1612,"Small , please .",2
1306,Large would do .,2
956,May I get a black tea ?,1
1164,"Large , thank you !",2
1790,"Medium , thank you !",2
3097,Have a nice day !,4
710,Could I have a latte ?,1
1753,Medium would do .,2
205,I want a cappuccino .,1
1975,"Medium , please .",2
3252,Have a nice day !,4
1972,"Small , thank you !",2
2280,Hey !,3
2459,Hey !,3
379,Can I get a breakfast tea ?,1
272,Could I get a latte ?,1
985,"An espresso con panna , please .",1
1499,Large .,2
1354,"Small , please .",2
2791,Hey there !,3
295,May I have a salted caramel hot chocolate ?,1
1383,"Large , please .",2
2841,Hello !,3
3380,Enjoy your day !,4
3770,Cheers !,4
3078,Okay .,4
155,May I have a cordusio ?,1
1864,"Medium , please .",2
112,"Could I have a black tea , please ?",1
3023,Goodbye !,4
2942,Hi !,3
3242,Okay .,4
1897,Medium cup .,2
2064,Hey there !,3
808,"Could I get an Earl Grey , please ?",1
1365,Small would do .,2
3981,Thank you !,4
2301,Hi !,3
1609,Small cup .,2
587,I want an americano .,1
3530,Thanks !,4
1498,"Small , thank you !",2
2559,Hello !,3
2258,Hi !,3
503,Can I have a flat white ?,1
243,"I would like a black tea , please .",1
946,"I would like a black tea , please .",1
3036,Enjoy your day !,4
3551,Enjoy your day !,4
3154,Okay .,4
2927,Hi !,3
3962,Thank you !,4
382,"Could I get a latte , please ?",1
97,"A latte , please .",1
455,Can I get a white hot chocolate ?,1
497,I would like an americano .,1
772,"A cappuccino , please .",1
915,I want a breakfast tea .,1
1648,"Medium , please .",2
1962,"Small , please .",2
1518,Medium would do .,2
109,An espresso .,1
3906,Okay .,4
3828,Cheers !,4
1285,Large cup .,2
1712,"Small , please .",2
2184,Hey !,3
365,"I would like a peppermint hot chocolate , please .",1
715,"Can I have a flat white , please ?",1
610,I would like a breakfast tea .,1
3547,Enjoy your day !,4
2131,Hello !,3
2673,Hey !,3
1258,"Large , please .",2
3148,Goodbye !,4
2952,Hey there !,3
406,"A mocha , please .",1
2355,Hi !,3
551,"Can I get a flat white , please ?",1
2613,Hey there !,3
3800,Enjoy your day !,4
2218,Hey !,3
1916,Small cup .,2
2995,Hi !,3
1050,Large would do .,2
1476,Small .,2
3507,Okay .,4
2681,Hey there !,3
3208,Goodbye !,4
247,Can I have a caramel macchiato ?,1
2579,Hey !,3
3645,Have a nice day !,4
675,"Can I get an Earl Grey , please ?",1
3161,Bye !,4
499,"I would like a cordusio , please .",1
3709,Have a great day !,4
1180,"Medium , please .",2
1240,"Medium , thank you !",2
881,Could I get an espresso con panna ?,1
1087,"Medium , thank you !",2
451,An espresso macchiato .,1
3197,Thanks !,4
2149,Hey !,3
3915,Alright .,4
266,"Can I get an espresso macchiato , please ?",1
1626,Medium cup .,2
2122,Hey !,3
3375,Okay .,4
1233,Small cup .,2
1118,"Small , please .",2
311,Could I have a peppermint hot chocolate ?,1
3041,Alright .,4
14,"I would like an americano , please .",1
2674,Hey !,3
3228,Thanks !,4
2158,Hey there !,3
2507,Hello !,3
927,"I would like a green tea , please .",1
3132,Goodbye !,4
896,"Could I get a noisette , please ?",1
2154,Hi !,3
3639,Thank you !,4
2996,Hey !,3
1956,"Medium , thank you !",2
1917,"Large , please .",2
3122,Goodbye !,4
2541,Hi !,3
2743,Hey !,3
612,Could I get a black tea ?,1
2786,Hey !,3
1931,Large .,2
3009,Bye !,4
3099,Bye !,4
103,Can I have a noisette ?,1
820,Could I get a white hot chocolate ?,1
3280,Goodbye !,4
3031,Okay .,4
2729,Hi !,3
2969,Hello !,3
171,"Can I have a white hot chocolate , please ?",1
1003,"Large , thank you !",2
815,Can I have a mocha ?,1
1220,"Medium , please .",2
70,"An espresso , please .",1
198,I want an espresso con panna .,1
3646,Alright .,4
1260,Medium cup .,2
2640,Hi !,3
1989,"Medium , please .",2
2774,Hey there !,3
1175,Medium .,2
2256,Hello !,3
1830,Medium .,2
2753,Hello !,3
669,Could I get a cordusio ?,1
1899,Medium would do .,2
1098,Medium cup .,2
3169,Have a nice day !,4
3400,Enjoy your day !,4
2110,Hey there !,3
1900,"Large , please .",2
3456,Have a great day !,4
2504,Hi !,3
3451,Have a great day !,4
1571,Small would do .,2
1427,Medium would do .,2
1754,Medium .,2
2350,Hi !,3
137,I want a hot chocolate .,1
230,"Could I get an espresso con panna , please ?",1
2493,Hello !,3
2578,Hello !,3
192,"I want an iced hot chocolate , please .",1
1402,Small would do .,2
2608,Hello !,3
2567,Hey there !,3
3658,Enjoy your day !,4
2235,Hello !,3
2137,Hello !,3
1542,"Medium , thank you !",2
45,"Could I have an americano , please ?",1
1380,Large .,2
35,"Can I have a salted caramel hot chocolate , please ?",1
2205,Hello !,3
823,"I would like a white hot chocolate , please .",1
113,"A hot chocolate , please .",1
390,"Can I have a black tea , please ?",1
2053,Hey there !,3
557,A cappuccino .,1
3112,Cheers !,4
3179,Bye !,4
3545,Alright .,4
1883,Large .,2
1547,Large .,2
602,A breakfast tea .,1
3728,Thanks !,4
316,"Can I get a caramel macchiato , please ?",1
1310,Large cup .,2
513,Can I get a mocha ?,1
94,Can I have a green tea ?,1
767,"Can I have a cappuccino , please ?",1
723,I want an espresso .,1
3567,Bye !,4
3513,Alright .,4
2344,Hi !,3
3121,Thanks !,4
589,"I want an iced hot chocolate , please .",1
1629,Small cup .,2
3181,Alright .,4
3719,Have a great day !,4
1952,"Small , please .",2
1739,"Small , thank you !",2
3327,Thanks !,4
1580,Small .,2
981,"Can I get a cordusio , please ?",1
2406,Hi !,3
3040,Thanks !,4
328,Could I have a mocha ?,1
3901,Have a great day !,4
2521,Hey there !,3
3631,Goodbye !,4
3378,Thanks !,4
1041,Medium would do .,2
2004,Hello !,3
3440,Goodbye !,4
582,"Could I have a mocha , please ?",1
2330,Hello !,3
404,"A latte , please .",1
283,"A hot chocolate , please .",1
1276,Large .,2
3889,Have a nice day !,4
1891,Small would do .,2
2,"Can I have a black tea , please ?",1
115,I would like a hot chocolate .,1
532,"Could I have a cordusio , please ?",1
2150,Hey !,3
418,"Can I get an iced hot chocolate , please ?",1
2719,Hey there !,3
1804,Medium would do .,2
2472,Hey !,3
973,"Could I have a cordusio , please ?",1
626,"I would like an espresso , please .",1
204,Could I have a latte ?,1
1470,Small would do .,2
2650,Hey there !,3
3841,Thank you !,4
1923,"Large , please .",2
1416,"Large , thank you !",2
903,I want a latte .,1
2953,Hey there !,3
1033,Medium would do .,2
1457,Small would do .,2
1930,"Small , please .",2
1372,Small .,2
454,May I have an espresso macchiato ?,1
1911,Small would do .,2
3615,Have a great day !,4
809,"I would like a caramel macchiato , please .",1
3679,Goodbye !,4
2389,Hello !,3
1335,Medium would do .,2
3921,Have a nice day !,4
3059,Bye !,4
425,"I want a hot chocolate , please .",1
2768,Hi !,3
3284,Enjoy your day !,4
2329,Hey there !,3
2228,Hello !,3
1749,Medium would do .,2
1705,Medium cup .,2
2283,Hey there !,3
1179,Large would do .,2
2289,Hey there !,3
1622,"Medium , please .",2
1168,"Medium , thank you !",2
332,Could I have a breakfast tea ?,1
1841,"Large , please .",2
693,I would like an Earl Grey .,1
3801,Goodbye !,4
2078,Hello !,3
2351,Hey !,3
3546,Enjoy your day !,4
1564,Medium .,2
2738,Hey !,3
445,May I have a caramel macchiato ?,1
685,I want a latte .,1
3219,Have a great day !,4
3885,Alright .,4
3925,Have a nice day !,4
776,May I have a mocha ?,1
2123,Hey there !,3
2963,Hello !,3
1977,Large .,2
1185,Medium would do .,2
1831,Medium cup .,2
3355,Bye !,4
1155,Large cup .,2
2522,Hey !,3
2185,Hi !,3
99,"Can I have a salted caramel hot chocolate , please ?",1
3795,Have a nice day !,4
2563,Hi !,3
739,I want a salted caramel hot chocolate .,1
2048,Hi !,3
629,May I get an espresso ?,1
3732,Alright .,4
3596,Okay .,4
3107,Okay .,4
2099,Hey there !,3
420,Can I have a green tea ?,1
884,"Could I have an americano , please ?",1
1235,"Medium , thank you !",2
310,"A caramel macchiato , please .",1
1737,Medium would do .,2
1894,Medium would do .,2
3337,Okay .,4
2279,Hi !,3
1,"Could I get a noisette , please ?",1
1794,Small .,2
3749,Enjoy your day !,4
594,"I want a cordusio , please .",1
2164,Hey !,3
3837,Thanks !,4
453,I would like a green tea .,1
2530,Hey !,3
18,"Could I have a latte , please ?",1
2670,Hi !,3
1025,Small .,2
3734,Okay .,4
977,May I get a caramel macchiato ?,1
1637,Small cup .,2
457,Can I get a noisette ?,1
3590,Cheers !,4
2909,Hello !,3
2557,Hi !,3
494,"I want a green tea , please .",1
3982,Enjoy your day !,4
110,"Could I get a black tea , please ?",1
2226,Hello !,3
1138,Medium cup .,2
3053,Thank you !,4
2374,Hey !,3
2866,Hello !,3
405,May I have a mocha ?,1
1544,"Medium , please .",2
1000,"Large , please .",2
1886,Small .,2
3914,Bye !,4
3057,Okay .,4
3499,Have a great day !,4
3358,Thanks !,4
1643,"Small , please .",2
1628,Small would do .,2
861,"An espresso con panna , please .",1
1089,"Medium , thank you !",2
2353,Hello !,3
2446,Hey !,3
271,I want a breakfast tea .,1
1108,"Small , please .",2
2702,Hi !,3
2631,Hi !,3
1763,Large .,2
126,May I have an espresso con panna ?,1
1538,Small would do .,2
1128,Medium cup .,2
3145,Enjoy your day !,4
2407,Hi !,3
3054,Thank you !,4
3455,Have a nice day !,4
1435,"Small , please .",2
2074,Hey there !,3
2943,Hey !,3
3880,Okay .,4
1996,"Large , thank you !",2
357,"A caramel macchiato , please .",1
909,I want an espresso macchiato .,1
3972,Thanks !,4
2539,Hello !,3
196,I want an americano .,1
3477,Have a great day !,4
3368,Bye !,4
2639,Hi !,3
1710,"Large , please .",2
209,Could I have an americano ?,1
3991,Thanks !,4
3445,Thank you !,4
3274,Okay .,4
2884,Hello !,3
1221,Small .,2
2337,Hey there !,3
412,Can I get a peppermint hot chocolate ?,1
743,I would like an americano .,1
1578,Medium .,2
1885,Small would do .,2
1027,Large would do .,2
3490,Have a great day !,4
3079,Cheers !,4
972,Could I have an espresso macchiato ?,1
779,"Could I have an americano , please ?",1
3616,Alright .,4
3865,Cheers !,4
2162,Hey there !,3
1153,"Medium , thank you !",2
2609,Hello !,3
2747,Hello !,3
101,I would like an americano .,1
1063,"Medium , please .",2
1758,"Medium , thank you !",2
1947,"Small , please .",2
1277,Large cup .,2
3593,Thank you !,4
1494,Small .,2
607,May I have an Earl Grey ?,1
3069,Bye !,4
2562,Hey there !,3
548,May I have a green tea ?,1
1645,Medium would do .,2
3661,Okay .,4
3367,Bye !,4
2103,Hello !,3
1746,"Medium , thank you !",2
2870,Hey there !,3
848,Can I have a black tea ?,1
2999,Hey !,3
2535,Hi !,3
3094,Okay .,4
2568,Hey !,3
46,"I would like a salted caramel hot chocolate , please .",1
3025,Thanks !,4
2219,Hi !,3
601,Could I have a black tea ?,1
3441,Alright .,4
2661,Hi !,3
367,May I have a cordusio ?,1
2954,Hey !,3
1586,"Large , thank you !",2
2505,Hello !,3
1042,Small .,2
2982,Hello !,3
270,Could I get a salted caramel hot chocolate ?,1
872,Can I get a breakfast tea ?,1
3018,Bye !,4
2667,Hey there !,3
2920,Hey !,3
2790,Hey !,3
1845,"Small , thank you !",2
3412,Okay .,4
1407,"Medium , thank you !",2
2945,Hey !,3
1092,Large .,2
1451,"Large , please .",2
736,Could I have a hot chocolate ?,1
2990,Hey there !,3
2106,Hi !,3
30,I would like a white hot chocolate .,1
1414,Medium would do .,2
1765,Medium .,2
2956,Hey there !,3
3953,Have a great day !,4
785,"I would like an espresso macchiato , please .",1
2108,Hey !,3
1505,Large cup .,2
1981,"Large , please .",2
193,Can I have an Earl Grey ?,1
2749,Hey there !,3
408,May I get an americano ?,1
1043,Medium .,2
1217,"Large , thank you !",2
124,"Could I have a hot chocolate , please ?",1
2619,Hello !,3
628,Could I have a cappuccino ?,1
3164,Thanks !,4
498,May I get an iced hot chocolate ?,1
2872,Hi !,3
1464,"Small , please .",2
3220,Goodbye !,4
681,"Can I have a mocha , please ?",1
212,"I would like an espresso con panna , please .",1
3602,Have a nice day !,4
345,"I want a cappuccino , please .",1
1338,Medium .,2
26,I want a white hot chocolate .,1
286,"An espresso con panna , please .",1
2675,Hi !,3
3633,Cheers !,4
720,May I get an americano ?,1
1433,"Large , thank you !",2
2529,Hi !,3
3317,Alright .,4
2542,Hey !,3
3437,Cheers !,4
1460,"Large , thank you !",2
945,Can I get an espresso macchiato ?,1
3346,Bye !,4
2470,Hello !,3
3952,Have a nice day !,4
3630,Alright .,4
2174,Hello !,3
3117,Okay .,4
3205,Have a great day !,4
2851,Hey !,3
1374,"Small , please .",2
2955,Hey !,3
3601,Thanks !,4
280,I would like a green tea .,1
805,A black tea .,1
2114,Hey there !,3
931,Can I get an Earl Grey ?,1
1649,Large cup .,2
383,I would like an espresso .,1
2003,Hello !,3
2752,Hello !,3
2107,Hi !,3
1345,Large cup .,2
2547,Hey there !,3
3840,Have a nice day !,4
1674,"Small , thank you !",2
1850,Large .,2
3861,Cheers !,4
2888,Hey there !,3
746,"An iced hot chocolate , please .",1
2068,Hey !,3
3022,Bye !,4
2492,Hey !,3
2167,Hey !,3
3478,Okay .,4
3744,Have a great day !,4
2223,Hello !,3
1909,Large would do .,2
834,Could I get a mocha ?,1
2097,Hey !,3
147,"I would like a caramel macchiato , please .",1
3330,Bye !,4
2855,Hey !,3
3571,Have a great day !,4
3120,Have a great day !,4
1352,"Large , thank you !",2
1497,"Small , please .",2
1965,Small cup .,2
1486,"Small , please .",2
2664,Hey there !,3
3860,Alright .,4
3104,Okay .,4
2480,Hey there !,3
1543,"Medium , please .",2
249,May I get a noisette ?,1
2526,Hello !,3
768,A breakfast tea .,1
3498,Enjoy your day !,4
2075,Hey !,3
49,A caramel macchiato .,1
3519,Have a nice day !,4
1657,Small .,2
488,"I would like an espresso macchiato , please .",1
1094,Small cup .,2
2245,Hi !,3
3301,Thanks !,4
2949,Hello !,3
3077,Alright .,4
3047,Cheers !,4
1502,Medium would do .,2
580,"Could I get a peppermint hot chocolate , please ?",1
1842,Small cup .,2
2838,Hey there !,3
1973,"Small , please .",2
2311,Hi !,3
1342,Medium .,2
410,"Could I get a black tea , please ?",1
1725,Small .,2
1458,Medium .,2
489,"Could I have a breakfast tea , please ?",1
245,Could I get a salted caramel hot chocolate ?,1
3172,Have a great day !,4
1919,Small would do .,2
1774,Small cup .,2
2848,Hi !,3
2653,Hello !,3
3721,Alright .,4
648,A caramel macchiato .,1
1085,"Large , please .",2
43,Can I have an espresso con panna ?,1
1452,Medium .,2
2885,Hey !,3
2901,Hi !,3
3444,Bye !,4
844,"An espresso macchiato , please .",1
3152,Have a nice day !,4
3212,Have a great day !,4
3895,Okay .,4
3160,Thank you !,4
2022,Hello !,3
381,"I want a black tea , please .",1
2194,Hey there !,3
2718,Hey !,3
1077,Small .,2
874,"An espresso macchiato , please .",1
703,"I want a caramel macchiato , please .",1
259,Could I have a caramel macchiato ?,1
1940,Medium .,2
2523,Hey !,3
833,May I get a green tea ?,1
3816,Thank you !,4
1967,Large .,2
2206,Hello !,3
2153,Hey !,3
3610,Enjoy your day !,4
1088,Medium cup .,2
1127,Small cup .,2
902,"Could I get a hot chocolate , please ?",1
3483,Okay .,4
1107,Medium cup .,2
1051,Medium .,2
3582,Bye !,4
3265,Enjoy your day !,4
1340,"Large , thank you !",2
2663,Hey there !,3
3910,Have a great day !,4
2514,Hi !,3
2046,Hello !,3
1311,"Medium , please .",2
2784,Hello !,3
2126,Hey !,3
163,A mocha .,1
3248,Bye !,4
122,"Can I get a cappuccino , please ?",1
996,"An iced hot chocolate , please .",1
769,Could I get an americano ?,1
3708,Bye !,4
2708,Hi !,3
2343,Hello !,3
444,May I get a cordusio ?,1
3793,Alright .,4
2376,Hello !,3
3923,Have a great day !,4
84,Could I get a flat white ?,1
722,"Can I have a green tea , please ?",1
2770,Hey !,3
3010,Thank you !,4
534,"A caramel macchiato , please .",1
1660,Medium .,2
1946,"Small , thank you !",2
1662,Large would do .,2
3049,Goodbye !,4
2814,Hello !,3
802,"A peppermint hot chocolate , please .",1
1215,Medium would do .,2
2697,Hey !,3
2924,Hey !,3
3960,Thanks !,4
2269,Hello !,3
1511,"Large , please .",2
2045,Hi !,3
526,"Could I have a breakfast tea , please ?",1
448,"Can I get a mocha , please ?",1
1714,"Medium , please .",2
3372,Bye !,4
2220,Hey !,3
308,An espresso con panna .,1
1328,"Large , thank you !",2
206,May I have a cordusio ?,1
210,May I get a noisette ?,1
2858,Hello !,3
3698,Okay .,4
1271,"Large , please .",2
2161,Hey there !,3
2487,Hi !,3
3711,Have a great day !,4
1267,"Large , thank you !",2
611,"I want a caramel macchiato , please .",1
2683,Hello !,3
2049,Hey !,3
1046,"Medium , please .",2
2050,Hi !,3
933,"Could I get an americano , please ?",1
991,"Could I have an americano , please ?",1
2147,Hey !,3
2029,Hello !,3
321,Could I get an espresso ?,1
1557,"Medium , thank you !",2
3541,Bye !,4
3713,Okay .,4
2991,Hi !,3
3554,Have a great day !,4
3731,Thanks !,4
1695,Large cup .,2
3997,Alright .,4
3811,Enjoy your day !,4
1158,Small would do .,2
691,Could I have a flat white ?,1
1820,"Large , thank you !",2
1143,"Small , please .",2
3531,Goodbye !,4
421,Can I get a hot chocolate ?,1
638,Can I have a noisette ?,1
2781,Hey !,3
3512,Thanks !,4
883,Could I get a cordusio ?,1
292,A cappuccino .,1
3908,Have a nice day !,4
2869,Hi !,3
2216,Hey there !,3
3684,Cheers !,4
2298,Hi !,3
407,Can I get a cappuccino ?,1
3654,Okay .,4
2709,Hi !,3
999,"A hot chocolate , please .",1
3797,Have a nice day !,4
2007,Hello !,3
3275,Alright .,4
3680,Thanks !,4
2066,Hello !,3
1800,Medium .,2
3857,Goodbye !,4
119,A cordusio .,1
2833,Hey !,3
341,"Could I have a white hot chocolate , please ?",1
380,Can I have an americano ?,1
711,I want a cappuccino .,1
577,Could I get a hot chocolate ?,1
2071,Hello !,3
1325,"Large , thank you !",2
2016,Hello !,3
615,"Can I have a green tea , please ?",1
1234,Large cup .,2
3187,Goodbye !,4
1008,Medium would do .,2
2117,Hey there !,3
2236,Hello !,3
2098,Hey !,3
683,May I get an Earl Grey ?,1
261,A green tea .,1
677,"Could I have a breakfast tea , please ?",1
3829,Enjoy your day !,4
894,Can I have an americano ?,1
1553,Small .,2
2095,Hey there !,3
758,I would like a cappuccino .,1
3966,Have a great day !,4
2602,Hi !,3
2395,Hi !,3
3024,Have a nice day !,4
3443,Thank you !,4
1587,"Small , please .",2
2554,Hey there !,3
2286,Hey !,3
1007,Medium would do .,2
3485,Enjoy your day !,4
2544,Hello !,3
1139,Medium would do .,2
521,"A flat white , please .",1
3300,Enjoy your day !,4
1509,"Small , thank you !",2
2551,Hi !,3
359,May I get an espresso ?,1
2792,Hello !,3
1417,"Small , thank you !",2
816,I want a caramel macchiato .,1
604,Could I get an espresso macchiato ?,1
1531,"Medium , thank you !",2
3853,Have a nice day !,4
3465,Enjoy your day !,4
986,"Can I get a mocha , please ?",1
58,Could I have a cappuccino ?,1
2170,Hey there !,3
520,May I get a green tea ?,1
2532,Hey !,3
2186,Hey !,3
575,May I have a noisette ?,1
2862,Hi !,3
1999,"Small , please .",2
2612,Hey !,3
781,Could I have a mocha ?,1
3224,Have a great day !,4
1650,Small would do .,2
835,May I get a salted caramel hot chocolate ?,1
1242,"Small , thank you !",2
2000,Hey !,3
1001,Medium .,2
3603,Goodbye !,4
1654,Large .,2
409,Can I have a latte ?,1
166,"Can I get a noisette , please ?",1
1666,Large would do .,2
2977,Hello !,3
2253,Hello !,3
3466,Have a nice day !,4
2399,Hey !,3
2821,Hi !,3
2815,Hey there !,3
36,"Could I get an espresso con panna , please ?",1
1202,"Medium , please .",2
3410,Thank you !,4
901,I want a cordusio .,1
2128,Hello !,3
3103,Goodbye !,4
2274,Hello !,3
1069,Small would do .,2
3393,Enjoy your day !,4
215,May I have a caramel macchiato ?,1
2820,Hello !,3
2932,Hey !,3
1546,Large .,2
3938,Enjoy your day !,4
2422,Hey there !,3
1146,Medium would do .,2
751,"Can I get a black tea , please ?",1
1223,Medium .,2
2812,Hi !,3
1491,"Medium , please .",2
2015,Hey !,3
3213,Enjoy your day !,4
2448,Hi !,3
3092,Have a nice day !,4
1351,"Small , thank you !",2
662,"Could I get a latte , please ?",1
1059,Small .,2
3912,Goodbye !,4
754,Could I get a salted caramel hot chocolate ?,1
3849,Bye !,4
2111,Hey there !,3
301,Can I get an espresso con panna ?,1
3624,Thanks !,4
2630,Hey there !,3
1971,Medium .,2
1459,"Small , thank you !",2
3342,Have a great day !,4
2155,Hey there !,3
2136,Hey there !,3
3701,Alright .,4
2742,Hey there !,3
1423,"Small , thank you !",2
1124,Small would do .,2
2766,Hello !,3
3890,Okay .,4
656,Can I have an americano ?,1
1226,Medium would do .,2
2201,Hello !,3
3678,Bye !,4
1479,Large .,2
2857,Hi !,3
1322,"Small , please .",2
694,"I would like a cappuccino , please .",1
3896,Alright .,4
2397,Hey !,3
183,Could I have a cappuccino ?,1
1813,Large .,2
3617,Goodbye !,4
2694,Hey !,3
1696,Small .,2
3016,Enjoy your day !,4
2368,Hey there !,3
331,I would like a latte .,1
143,"Could I have an Earl Grey , please ?",1
3186,Thanks !,4
3746,Thank you !,4
372,"I would like a green tea , please .",1
1744,"Medium , please .",2
154,I would like an americano .,1
974,Can I have a flat white ?,1
3814,Alright .,4
136,Could I get a peppermint hot chocolate ?,1
3510,Cheers !,4
2484,Hey there !,3
914,"Could I have an Earl Grey , please ?",1
485,Can I have an americano ?,1
2204,Hi !,3
813,"Could I get a salted caramel hot chocolate , please ?",1
1065,Medium would do .,2
2425,Hey there !,3
789,"A salted caramel hot chocolate , please .",1
3006,Enjoy your day !,4
2859,Hey !,3
3671,Bye !,4
3413,Goodbye !,4
2714,Hello !,3
1663,"Small , thank you !",2
3808,Enjoy your day !,4
2642,Hey !,3
2012,Hey there !,3
44,"I want a cordusio , please .",1
798,"Could I have an iced hot chocolate , please ?",1
2412,Hello !,3
1237,Small cup .,2
378,Can I get an Earl Grey ?,1
32,Could I get a breakfast tea ?,1
1527,Small would do .,2
3736,Thank you !,4
1585,Small .,2
961,May I get an Earl Grey ?,1
2804,Hi !,3
2989,Hi !,3
869,"A latte , please .",1
934,A black tea .,1
352,Could I have a black tea ?,1
3386,Cheers !,4
2628,Hey !,3
2931,Hey !,3
1331,"Small , please .",2
1969,Large .,2
3163,Goodbye !,4
8,"Can I get a peppermint hot chocolate , please ?",1
1872,"Small , please .",2
3341,Alright .,4
3664,Okay .,4
1095,Medium .,2
3540,Enjoy your day !,4
2671,Hey !,3
2571,Hi !,3
1832,"Medium , thank you !",2
63,Could I get a breakfast tea ?,1
3637,Alright .,4
401,Can I get an espresso ?,1
2421,Hello !,3
376,May I get an iced hot chocolate ?,1
1113,Large .,2
2420,Hey there !,3
384,"Can I get a breakfast tea , please ?",1
509,I would like an espresso macchiato .,1
871,"I want a breakfast tea , please .",1
1603,"Large , please .",2
3757,Cheers !,4
1055,Medium .,2
2019,Hey !,3
2980,Hey !,3
1438,Small .,2
1807,Small would do .,2
1983,Medium would do .,2
1562,Medium would do .,2
2716,Hey !,3
3278,Have a great day !,4
233,Can I have an espresso ?,1
492,"Could I have an espresso , please ?",1
782,"Could I have an espresso macchiato , please ?",1
3614,Have a great day !,4
2067,Hey !,3
3739,Enjoy your day !,4
2695,Hi !,3
573,Could I have a salted caramel hot chocolate ?,1
2581,Hello !,3
468,May I have an espresso ?,1
1596,Small .,2
659,"Can I have a latte , please ?",1
2409,Hey !,3
826,"Could I have a cordusio , please ?",1
2100,Hey there !,3
3694,Thanks !,4
540,"A breakfast tea , please .",1
1669,Small would do .,2
3178,Have a great day !,4
1399,Small .,2
2008,Hey there !,3
2746,Hey !,3
170,"I would like a flat white , please .",1
2069,Hello !,3
1997,"Small , thank you !",2
3177,Thank you !,4
2531,Hello !,3
2741,Hey !,3
460,An americano .,1
1512,"Small , please .",2
824,May I get an espresso macchiato ?,1
1076,"Medium , thank you !",2
2266,Hey !,3
984,"A caramel macchiato , please .",1
131,Can I get an espresso con panna ?,1
1060,Medium would do .,2
716,"Could I get an iced hot chocolate , please ?",1
3399,Thanks !,4
3907,Cheers !,4
1541,"Medium , please .",2
177,"Can I get a breakfast tea , please ?",1
2005,Hey there !,3
762,"A noisette , please .",1
828,"I would like a breakfast tea , please .",1
3306,Thanks !,4
493,Can I have an espresso con panna ?,1
52,"Could I have an espresso macchiato , please ?",1
2545,Hey !,3
2317,Hello !,3
672,"A flat white , please .",1
3984,Goodbye !,4
3555,Thank you !,4
2348,Hey !,3
1485,Small cup .,2
3486,Alright .,4
3105,Have a nice day !,4
2902,Hello !,3
1703,Medium would do .,2
3558,Alright .,4
508,Can I have a cappuccino ?,1
814,I would like an americano .,1
2515,Hey !,3
2156,Hey !,3
2419,Hey !,3
1198,"Medium , please .",2
2883,Hey there !,3
3349,Alright .,4
585,May I get a hot chocolate ?,1
2051,Hey there !,3
1110,Medium .,2
3331,Have a great day !,4
2014,Hey !,3
1036,Medium cup .,2
3720,Thanks !,4
2978,Hey there !,3
226,Could I get a cappuccino ?,1
3926,Alright .,4
3974,Thank you !,4
1818,Medium .,2
2736,Hey !,3
2369,Hello !,3
2607,Hi !,3
3233,Okay .,4
2959,Hello !,3
2444,Hello !,3
3309,Have a great day !,4
1239,"Small , please .",2
1161,"Medium , thank you !",2
2390,Hey !,3
3446,Alright .,4
2930,Hey !,3
2272,Hey !,3
2367,Hey there !,3
952,I would like a caramel macchiato .,1
3134,Alright .,4
1062,"Medium , please .",2
2615,Hey !,3
3536,Okay .,4
1566,"Medium , thank you !",2
3875,Bye !,4
2486,Hello !,3
224,I would like an iced hot chocolate .,1
735,Can I get an espresso macchiato ?,1
95,Could I get a mocha ?,1
542,I would like a peppermint hot chocolate .,1
188,"Could I get a mocha , please ?",1
1490,"Large , thank you !",2
255,May I get a flat white ?,1
3035,Goodbye !,4
2059,Hello !,3
3805,Thank you !,4
3780,Thanks !,4
3325,Bye !,4
258,"I want an espresso con panna , please .",1
1018,Medium would do .,2
1579,"Large , please .",2
24,May I have a cordusio ?,1
2233,Hey !,3
3162,Enjoy your day !,4
2148,Hello !,3
1793,Medium cup .,2
486,Can I have a white hot chocolate ?,1
419,"I want a cordusio , please .",1
6,"Can I get a flat white , please ?",1
1836,"Large , please .",2
2494,Hey there !,3
343,"I would like an americano , please .",1
2426,Hi !,3
1056,"Large , please .",2
2489,Hi !,3
399,"I want an espresso , please .",1
2146,Hello !,3
2911,Hey there !,3
3699,Goodbye !,4
1412,Medium cup .,2
1630,"Medium , please .",2
1702,"Small , please .",2
1959,"Medium , thank you !",2
2264,Hey !,3
734,I would like an espresso macchiato .,1
2498,Hello !,3
2604,Hey there !,3
1867,Large would do .,2
3116,Okay .,4
3824,Okay .,4
2794,Hey !,3
679,May I have an espresso macchiato ?,1
3365,Have a nice day !,4
3533,Enjoy your day !,4
1294,Small .,2
1985,"Large , thank you !",2
570,I would like an espresso con panna .,1
2655,Hi !,3
71,I would like an espresso macchiato .,1
348,Can I have a latte ?,1
3737,Have a nice day !,4
1668,Small cup .,2
2960,Hey there !,3
5,"Could I have a latte , please ?",1
21,An americano .,1
1207,Large cup .,2
738,"Can I have a salted caramel hot chocolate , please ?",1
1034,"Small , please .",2
1474,Large .,2
1565,Medium would do .,2
3766,Bye !,4
223,"Could I get an iced hot chocolate , please ?",1
2294,Hi !,3
461,Could I have a peppermint hot chocolate ?,1
1893,Medium .,2
519,"I want a mocha , please .",1
415,May I have a mocha ?,1
2464,Hey !,3
1934,Large would do .,2
3029,Okay .,4
3870,Alright .,4
932,A black tea .,1
2243,Hi !,3
2912,Hey there !,3
2410,Hey there !,3
3110,Thank you !,4
1948,Small cup .,2
1364,Medium .,2
116,May I have a breakfast tea ?,1
1661,Small .,2
2212,Hi !,3
1730,Small cup .,2
1525,"Medium , please .",2
432,An americano .,1
550,Can I get a salted caramel hot chocolate ?,1
141,"I want an espresso macchiato , please .",1
1960,Large cup .,2
1781,Medium cup .,2
1633,"Medium , please .",2
578,Could I get a salted caramel hot chocolate ?,1
3521,Cheers !,4
3156,Cheers !,4
664,May I have an espresso con panna ?,1
2846,Hello !,3
1169,"Medium , please .",2
564,Could I get a mocha ?,1
3462,Have a nice day !,4
3438,Thank you !,4
3591,Thank you !,4
1272,Large .,2
3030,Alright .,4
665,"I want a breakfast tea , please .",1
1618,"Medium , please .",2
2603,Hello !,3
2262,Hi !,3
1881,"Medium , please .",2
3389,Bye !,4
2623,Hey there !,3
38,"I want a flat white , please .",1
3856,Thank you !,4
583,Can I have an Earl Grey ?,1
3518,Have a nice day !,4
1199,Small cup .,2
3958,Okay .,4
2621,Hey there !,3
2519,Hey !,3
237,"I want a breakfast tea , please .",1
2458,Hi !,3
3942,Okay .,4
2033,Hey there !,3
864,"A latte , please .",1
3472,Bye !,4
3236,Bye !,4
34,May I have an americano ?,1
1685,"Small , please .",2
1955,Medium cup .,2
558,"Could I get a cappuccino , please ?",1
1353,"Large , thank you !",2
3612,Have a great day !,4
3414,Thanks !,4
1449,Large cup .,2
2536,Hey !,3
3891,Thanks !,4
1623,Large cup .,2
1926,Small would do .,2
64,"Could I get a latte , please ?",1
971,Can I get an espresso ?,1
2805,Hey !,3
3449,Thanks !,4
854,Can I get an Earl Grey ?,1
2933,Hey !,3
2316,Hello !,3
2124,Hey !,3
2865,Hey there !,3
3655,Okay .,4
3745,Thank you !,4
87,"I want a hot chocolate , please .",1
56,"I want a mocha , please .",1
3504,Thanks !,4
290,May I have a white hot chocolate ?,1
3138,Have a nice day !,4
2936,Hello !,3
3127,Bye !,4
605,Can I get a mocha ?,1
3308,Bye !,4
1376,Small would do .,2
1570,Medium cup .,2
2461,Hi !,3
2388,Hello !,3
3011,Goodbye !,4
876,An espresso .,1
2648,Hey there !,3
3360,Have a nice day !,4
1369,Large cup .,2
1278,"Medium , please .",2
2516,Hey !,3
3293,Goodbye !,4
3267,Alright .,4
3174,Bye !,4
2163,Hi !,3
3715,Alright .,4
2284,Hey there !,3
287,"Can I have an americano , please ?",1
1448,"Small , please .",2
2172,Hey !,3
2119,Hi !,3
1037,Small cup .,2
3529,Thanks !,4
586,A cappuccino .,1
953,I want a flat white .,1
536,"Could I have a white hot chocolate , please ?",1
41,Can I get a hot chocolate ?,1
2765,Hi !,3
2576,Hey there !,3
1048,Large would do .,2
2112,Hi !,3
1274,Large would do .,2
1334,"Small , thank you !",2
3948,Have a nice day !,4
3523,Goodbye !,4
3260,Cheers !,4
1134,"Medium , thank you !",2
2319,Hey there !,3
2249,Hey !,3
529,I want a black tea .,1
3479,Enjoy your day !,4
2976,Hey !,3
1606,Medium .,2
1070,Large cup .,2
3245,Goodbye !,4
1456,"Small , please .",2
1341,"Medium , thank you !",2
471,May I get a white hot chocolate ?,1
1982,Large .,2
645,Can I have a noisette ?,1
2879,Hi !,3
1810,Large .,2
2475,Hi !,3
79,Can I have an espresso con panna ?,1
3026,Okay .,4
1030,Large .,2
1816,Small cup .,2
3402,Enjoy your day !,4
699,"A salted caramel hot chocolate , please .",1
593,Can I get a mocha ?,1
978,"Could I get a black tea , please ?",1
2032,Hello !,3
1549,"Small , please .",2
3826,Have a nice day !,4
387,"Could I get a flat white , please ?",1
3606,Thank you !,4
745,Can I get a mocha ?,1
3580,Bye !,4
825,A cappuccino .,1
541,"Can I get a cappuccino , please ?",1
3940,Have a nice day !,4
2267,Hey !,3
3240,Alright .,4
1503,Medium .,2
2700,Hello !,3
2181,Hey !,3
2058,Hello !,3
1148,Small .,2
569,"An iced hot chocolate , please .",1
2451,Hi !,3
3488,Have a nice day !,4
1636,"Small , please .",2
1241,Large would do .,2
1122,Medium .,2
1846,Large would do .,2
1117,Medium cup .,2
3474,Goodbye !,4
340,"Can I have a cappuccino , please ?",1
274,May I get a white hot chocolate ?,1
3020,Alright .,4
1151,"Large , please .",2
53,A flat white .,1
1323,Medium cup .,2
653,"I would like a salted caramel hot chocolate , please .",1
2605,Hi !,3
1021,Large .,2
2910,Hi !,3
3075,Cheers !,4
2491,Hello !,3
2807,Hey there !,3
1071,Medium would do .,2
2775,Hey there !,3
2606,Hi !,3
3396,Thanks !,4
3425,Have a nice day !,4
1084,Large .,2
893,"I would like an espresso con panna , please .",1
1224,Medium .,2
3635,Alright .,4
2326,Hey there !,3
2250,Hi !,3
3967,Cheers !,4
2411,Hi !,3
729,Could I get an espresso macchiato ?,1
3398,Have a nice day !,4
2450,Hey !,3
3173,Cheers !,4
2034,Hey !,3
755,Can I have a black tea ?,1
2721,Hey !,3
891,"Can I get an espresso , please ?",1
1928,"Small , thank you !",2
242,I want a white hot chocolate .,1
787,May I get a noisette ?,1
2534,Hi !,3
3404,Okay .,4
2077,Hi !,3
3193,Bye !,4
3573,Okay .,4
1732,Large cup .,2
3957,Have a nice day !,4
949,May I have an americano ?,1
3724,Bye !,4
731,I want a flat white .,1
1097,Large would do .,2
1247,Large cup .,2
3291,Have a great day !,4
1465,"Small , please .",2
2767,Hey !,3
1756,Large would do .,2
2384,Hey there !,3
839,May I have a breakfast tea ?,1
2132,Hey !,3
1980,Large cup .,2
3751,Bye !,4
553,"Could I have an espresso , please ?",1
712,"I want a flat white , please .",1
634,"A salted caramel hot chocolate , please .",1
3534,Have a great day !,4
3050,Thanks !,4
2221,Hey there !,3
3088,Have a nice day !,4
3843,Bye !,4
1147,Medium .,2
2987,Hi !,3
2307,Hey !,3
1735,Medium cup .,2
3549,Have a nice day !,4
3566,Thanks !,4
2998,Hello !,3
2165,Hey there !,3
3968,Enjoy your day !,4
1324,Large would do .,2
744,Can I get a breakfast tea ?,1
3119,Cheers !,4
1009,"Medium , thank you !",2
2260,Hi !,3
1783,"Large , please .",2
3941,Thanks !,4
2971,Hello !,3
1279,Small .,2
3609,Thank you !,4
2257,Hey !,3
1785,Medium cup .,2
4,"Could I get an iced hot chocolate , please ?",1
1938,Small cup .,2
3343,Okay .,4
2096,Hey there !,3
2454,Hello !,3
2643,Hello !,3
305,A caramel macchiato .,1
1126,Large would do .,2
2418,Hello !,3
2365,Hi !,3
1927,"Small , please .",2
3447,Thanks !,4
1869,Medium .,2
3180,Goodbye !,4
1246,Large .,2
160,"Can I get a caramel macchiato , please ?",1
2685,Hi !,3
3314,Okay .,4
512,"Could I have an espresso macchiato , please ?",1
2993,Hey there !,3
1903,Small .,2
2169,Hey there !,3
1827,Medium would do .,2
1835,"Small , thank you !",2
3371,Thank you !,4
3980,Goodbye !,4
302,"I would like a white hot chocolate , please .",1
937,"I want a black tea , please .",1
3871,Thank you !,4
819,I want a flat white .,1
2513,Hey there !,3
3463,Have a nice day !,4
549,I want an iced hot chocolate .,1
3221,Bye !,4
2760,Hi !,3
1607,Medium cup .,2
134,"Can I have a cordusio , please ?",1
800,"I would like a cordusio , please .",1
3480,Bye !,4
2900,Hey there !,3
1517,"Small , please .",2
1602,"Large , please .",2
3305,Have a nice day !,4
1659,Large .,2
2992,Hi !,3
1556,Small cup .,2
3322,Have a great day !,4
1422,Small would do .,2
2889,Hey !,3
2713,Hello !,3
1023,"Small , thank you !",2
3232,Thanks !,4
3158,Alright .,4
1706,Medium .,2
3846,Thank you !,4
704,I want a latte .,1
3350,Enjoy your day !,4
3883,Goodbye !,4
2508,Hey there !,3
3905,Have a nice day !,4
810,"A mocha , please .",1
3963,Have a great day !,4
3084,Bye !,4
1388,Small .,2
244,May I get a peppermint hot chocolate ?,1
276,I would like a latte .,1
1409,"Small , thank you !",2
2041,Hey !,3
3111,Have a great day !,4
3929,Have a great day !,4
1463,Medium .,2
818,"Can I have a flat white , please ?",1
2789,Hi !,3
2777,Hey there !,3
1114,Small cup .,2
2379,Hey there !,3
3807,Goodbye !,4
3810,Thank you !,4
1336,Small cup .,2
172,Can I have a peppermint hot chocolate ?,1
970,A white hot chocolate .,1
3297,Okay .,4
1521,Small would do .,2
3817,Goodbye !,4
1068,Medium cup .,2
2636,Hi !,3
1377,Large .,2
1135,"Small , please .",2
1292,Large .,2
1697,Small would do .,2
3806,Thanks !,4
402,"Can I have a white hot chocolate , please ?",1
3200,Bye !,4
858,Can I get a black tea ?,1
3083,Bye !,4
649,"Can I have a salted caramel hot chocolate , please ?",1
1809,Medium would do .,2
105,A green tea .,1
3149,Bye !,4
1941,Large .,2
3387,Cheers !,4
783,May I have a white hot chocolate ?,1
524,"Could I have a flat white , please ?",1
1506,Small would do .,2
1524,Large would do .,2
175,"Can I have a mocha , please ?",1
3956,Have a nice day !,4
3106,Bye !,4
2822,Hi !,3
1576,Large cup .,2
855,"Could I have a black tea , please ?",1
389,"Can I have a black tea , please ?",1
3995,Bye !,4
3017,Have a nice day !,4
125,"Could I get a green tea , please ?",1
522,"Can I get an espresso , please ?",1
1403,Small cup .,2
1784,"Medium , please .",2
1287,"Large , thank you !",2
2898,Hey there !,3
3932,Thanks !,4
2055,Hey there !,3
3882,Goodbye !,4
1266,Small cup .,2
2740,Hey there !,3
728,"Can I get an Earl Grey , please ?",1
2056,Hi !,3
3423,Enjoy your day !,4
2398,Hello !,3
322,"A mocha , please .",1
1605,Medium cup .,2
3789,Goodbye !,4
2907,Hello !,3
1573,Large cup .,2
1326,"Large , please .",2
1868,Medium cup .,2
393,"I want a hot chocolate , please .",1
2854,Hi !,3
2275,Hey !,3
438,May I get a hot chocolate ?,1
3517,Cheers !,4
2322,Hello !,3
54,I want an americano .,1
1387,"Small , thank you !",2
251,Can I have an iced hot chocolate ?,1
474,I would like an americano .,1
3911,Thanks !,4
446,Could I get an americano ?,1
3949,Thanks !,4
3781,Alright .,4
3136,Have a great day !,4
3146,Have a great day !,4
85,Could I have a peppermint hot chocolate ?,1
926,Could I get an americano ?,1
2698,Hello !,3
3361,Thank you !,4
1534,Medium would do .,2
1621,"Large , please .",2
3151,Okay .,4
661,"Can I have a mocha , please ?",1
992,"Could I have an espresso macchiato , please ?",1
3867,Enjoy your day !,4
595,May I get a cordusio ?,1
238,"Could I have an espresso con panna , please ?",1
1808,Medium cup .,2
3564,Goodbye !,4
3201,Cheers !,4
3761,Have a nice day !,4
161,May I have an iced hot chocolate ?,1
3051,Thank you !,4
3063,Goodbye !,4
1592,Large cup .,2
3189,Goodbye !,4
2490,Hi !,3
1268,"Small , thank you !",2
1309,Medium cup .,2
1862,"Medium , thank you !",2
3211,Goodbye !,4
1454,Small would do .,2
2722,Hi !,3
2637,Hey !,3
2404,Hey there !,3
3934,Bye !,4
3821,Have a nice day !,4
1825,"Small , thank you !",2
1787,"Medium , thank you !",2
3351,Cheers !,4
3202,Thank you !,4
1157,Medium would do .,2
3307,Enjoy your day !,4
988,Could I get a cordusio ?,1
588,"I want a flat white , please .",1
2382,Hey !,3
2762,Hey !,3
69,Can I have a mocha ?,1
344,Could I have a salted caramel hot chocolate ?,1
114,"I want a flat white , please .",1
3812,Enjoy your day !,4
1530,Medium .,2
3033,Cheers !,4
297,I would like a hot chocolate .,1
3611,Have a great day !,4
2086,Hello !,3
2352,Hey !,3
3126,Alright .,4
2537,Hi !,3
1614,"Small , thank you !",2
2632,Hey there !,3
1466,Small would do .,2
1574,Large cup .,2
3894,Have a great day !,4
1738,Medium would do .,2
337,"Can I get a cordusio , please ?",1
1101,Small cup .,2
2582,Hey !,3
1081,Medium .,2
2196,Hi !,3
2011,Hello !,3
1713,"Medium , please .",2
516,"Could I have an americano , please ?",1
1599,"Small , thank you !",2
2585,Hey there !,3
1863,Medium would do .,2
3886,Thank you !,4
317,A mocha .,1
2018,Hello !,3
1019,"Large , please .",2
523,Could I have a cordusio ?,1
2282,Hey !,3
3209,Goodbye !,4
2796,Hey !,3
458,Can I have a cappuccino ?,1
282,A caramel macchiato .,1
868,"Can I have a caramel macchiato , please ?",1
846,A breakfast tea .,1
3034,Thanks !,4
281,Can I have a flat white ?,1
3569,Bye !,4
581,May I have an espresso macchiato ?,1
1792,Large would do .,2
73,"A green tea , please .",1
2915,Hello !,3
690,Could I have an iced hot chocolate ?,1
431,Can I get a flat white ?,1
174,A cordusio .,1
3727,Cheers !,4
1015,Small would do .,2
1572,"Medium , please .",2
3452,Alright .,4
3289,Have a great day !,4
173,I would like an Earl Grey .,1
2290,Hello !,3
3613,Okay .,4
1798,"Small , please .",2
1289,Medium would do .,2
696,"I would like a green tea , please .",1
3771,Alright .,4
663,"I would like a cappuccino , please .",1
2416,Hey !,3
1853,"Small , please .",2
3491,Have a great day !,4
2897,Hey !,3
2090,Hi !,3
3482,Okay .,4
330,A cappuccino .,1
55,"Could I have a green tea , please ?",1
1924,Medium cup .,2
1834,Medium .,2
3000,Thank you !,4
2242,Hello !,3
478,A flat white .,1
928,Can I get an espresso macchiato ?,1
2092,Hello !,3
323,A mocha .,1
2443,Hello !,3
1208,"Small , thank you !",2
3080,Have a great day !,4
843,Could I get an espresso ?,1
3420,Have a great day !,4
2273,Hi !,3
597,"Could I have a cordusio , please ?",1
3752,Alright .,4
1187,"Medium , please .",2
2511,Hi !,3
3217,Cheers !,4
705,May I get an espresso con panna ?,1
156,"I would like a white hot chocolate , please .",1
794,Can I get a cordusio ?,1
2380,Hey !,3
338,Can I get a mocha ?,1
2023,Hi !,3
1064,"Small , thank you !",2
3153,Cheers !,4
3249,Have a great day !,4
2303,Hey there !,3
3703,Okay .,4
2104,Hi !,3
2611,Hey there !,3
3019,Goodbye !,4
518,"I want an espresso macchiato , please .",1
3550,Thanks !,4
2482,Hi !,3
2974,Hello !,3
1646,Small cup .,2
1410,"Medium , thank you !",2
1428,Medium cup .,2
3114,Have a nice day !,4
2027,Hey !,3
1307,Small would do .,2
153,May I have a breakfast tea ?,1
1747,"Medium , please .",2
1995,Small .,2
2540,Hi !,3
1162,"Small , thank you !",2
1397,Small .,2
566,"Can I have an espresso con panna , please ?",1
1665,Medium .,2
2986,Hey !,3
1772,"Small , thank you !",2
3574,Thanks !,4
3607,Bye !,4
2896,Hey there !,3
2495,Hi !,3
3819,Cheers !,4
3790,Alright .,4
775,"Can I have a green tea , please ?",1
3214,Alright .,4
3429,Bye !,4
139,Could I get a white hot chocolate ?,1
1347,Large would do .,2
1254,Large cup .,2
3247,Have a nice day !,4
895,I want a black tea .,1
1320,Large cup .,2
951,Could I have a noisette ?,1
351,"An espresso macchiato , please .",1
514,May I have a mocha ?,1
3834,Goodbye !,4
2394,Hey there !,3
3586,Goodbye !,4
2359,Hello !,3
2836,Hey there !,3
207,I would like an Earl Grey .,1
3782,Bye !,4
3971,Have a great day !,4
2465,Hey !,3
2144,Hi !,3
403,I would like a noisette .,1
1321,Medium .,2
3272,Goodbye !,4
1507,Medium .,2
976,"Can I have a latte , please ?",1
2780,Hey there !,3
349,"An iced hot chocolate , please .",1
1545,Small cup .,2
182,"I want a cappuccino , please .",1
3525,Goodbye !,4
149,Could I have a noisette ?,1
2327,Hello !,3
3348,Have a great day !,4
1723,Small would do .,2
2839,Hey !,3
2573,Hey there !,3
3623,Thanks !,4
1467,Medium would do .,2
2566,Hello !,3
2152,Hi !,3
2779,Hey there !,3
2502,Hi !,3
1752,Small would do .,2
1994,Large would do .,2
1150,Small cup .,2
1908,Small cup .,2
1057,"Medium , thank you !",2
2828,Hey there !,3
3687,Bye !,4
142,"I would like a mocha , please .",1
3376,Alright .,4
3743,Enjoy your day !,4
3318,Alright .,4
3150,Have a great day !,4
3257,Bye !,4
1040,"Large , thank you !",2
3851,Cheers !,4
870,"I would like an espresso con panna , please .",1
1764,Medium cup .,2
2287,Hello !,3
2570,Hello !,3
3215,Have a nice day !,4
1843,Large cup .,2
121,"Could I get a black tea , please ?",1
1296,Small would do .,2
1514,Medium cup .,2
1269,Medium cup .,2
2073,Hey there !,3
3659,Alright .,4
1652,Large cup .,2
3090,Have a great day !,4
1501,"Medium , thank you !",2
413,May I get a salted caramel hot chocolate ?,1
3598,Cheers !,4
3227,Cheers !,4
440,"Could I get a breakfast tea , please ?",1
555,"Can I get a cordusio , please ?",1
1801,Medium would do .,2
165,"Can I get a white hot chocolate , please ?",1
1597,Small .,2
3791,Thank you !,4
1475,Small .,2
23,Can I get an espresso macchiato ?,1
3863,Have a great day !,4
477,May I have an Earl Grey ?,1
2926,Hey there !,3
3644,Have a nice day !,4
3273,Have a great day !,4
51,"I want a hot chocolate , please .",1
1455,Large would do .,2
3421,Goodbye !,4
1613,Medium cup .,2
2904,Hi !,3
2347,Hi !,3
1014,"Large , please .",2
1932,Small cup .,2
2094,Hi !,3
373,"Could I have an espresso con panna , please ?",1
2769,Hey there !,3
15,"Can I get an iced hot chocolate , please ?",1
1957,"Medium , please .",2
3999,Goodbye !,4
900,"A flat white , please .",1
1197,Small .,2
1581,Medium cup .,2
3288,Cheers !,4
3937,Bye !,4
3827,Have a nice day !,4
2538,Hi !,3
1243,Medium would do .,2
3281,Thank you !,4
1299,Large cup .,2
3862,Cheers !,4
2761,Hi !,3
3767,Alright .,4
650,Could I have a salted caramel hot chocolate ?,1
3850,Alright .,4
3475,Okay .,4
1462,"Small , thank you !",2
563,Could I get an americano ?,1
668,I want an espresso .,1
3561,Goodbye !,4
1879,Small would do .,2
724,"A black tea , please .",1
1757,Large .,2
1873,Large cup .,2
2847,Hi !,3
1371,"Small , thank you !",2
1265,"Small , please .",2
2349,Hey there !,3
2466,Hi !,3
2060,Hey !,3
562,A salted caramel hot chocolate .,1
3497,Thanks !,4
2799,Hey there !,3
2939,Hey !,3
3792,Have a great day !,4
3237,Goodbye !,4
619,"I would like a salted caramel hot chocolate , please .",1
1859,Small .,2
2323,Hey there !,3
1073,Small would do .,2
975,"Could I get a black tea , please ?",1
3532,Goodbye !,4
1979,Small would do .,2
2680,Hey there !,3
3246,Bye !,4
1188,Large cup .,2
1694,Medium .,2
608,May I get an americano ?,1
107,Can I get a green tea ?,1
2773,Hi !,3
3638,Have a nice day !,4
2596,Hello !,3
1206,Large cup .,2
2913,Hi !,3
2113,Hello !,3
2965,Hey there !,3
3954,Okay .,4
447,I would like an espresso .,1
1812,Large would do .,2
3682,Thank you !,4
1904,"Medium , thank you !",2
3323,Goodbye !,4
2468,Hi !,3
3262,Bye !,4
1327,Small would do .,2
3095,Alright .,4
117,I want a flat white .,1
422,May I get a flat white ?,1
3203,Bye !,4
346,Can I have a flat white ?,1
3500,Thank you !,4
2669,Hi !,3
3038,Alright .,4
989,"Can I have an espresso con panna , please ?",1
3259,Cheers !,4
3320,Thanks !,4
148,An iced hot chocolate .,1
3062,Have a nice day !,4
658,"Could I have a white hot chocolate , please ?",1
1173,"Small , please .",2
3794,Thank you !,4
3335,Enjoy your day !,4
3135,Okay .,4
1775,Large cup .,2
1176,"Large , please .",2
2439,Hi !,3
90,"Can I have an espresso , please ?",1
3383,Have a nice day !,4
3089,Enjoy your day !,4
2485,Hello !,3
1882,Medium would do .,2
1343,Large would do .,2
2133,Hey !,3
3190,Alright .,4
887,"I would like an Earl Grey , please .",1
1314,"Large , please .",2
3570,Okay .,4
1692,Small would do .,2
3935,Have a great day !,4
1806,Large .,2
2806,Hi !,3
1444,"Medium , please .",2
3229,Alright .,4
2102,Hey there !,3
590,Could I have an espresso macchiato ?,1
1639,"Medium , thank you !",2
1282,"Small , please .",2
3283,Enjoy your day !,4
2711,Hi !,3
2635,Hey there !,3
2941,Hi !,3
2336,Hey there !,3
875,May I get an espresso ?,1
2983,Hi !,3
1805,Small .,2
3073,Thanks !,4
2710,Hello !,3
525,"I would like an americano , please .",1
3137,Goodbye !,4
3176,Enjoy your day !,4
990,"I want a latte , please .",1
2689,Hey there !,3
1111,Large .,2
1963,Medium cup .,2
484,A salted caramel hot chocolate .,1
2981,Hey there !,3
631,"Can I get an espresso macchiato , please ?",1
3692,Bye !,4
377,"I want a latte , please .",1
1256,Small .,2
1742,Large cup .,2
721,"A green tea , please .",1
3729,Have a nice day !,4
2127,Hello !,3
644,May I have an americano ?,1
414,"Can I have a latte , please ?",1
2938,Hi !,3
1230,Small would do .,2
1106,Small cup .,2
2442,Hey !,3
904,"Can I get a breakfast tea , please ?",1
552,May I get an espresso macchiato ?,1
3872,Thank you !,4
3448,Thanks !,4
2510,Hey there !,3
1958,Medium would do .,2
2463,Hey there !,3
2157,Hey there !,3
2285,Hey !,3
942,"I want an iced hot chocolate , please .",1
778,"Could I have an americano , please ?",1
918,I want a latte .,1
695,A flat white .,1
1673,Large .,2
200,"I would like a mocha , please .",1
3704,Alright .,4
